ANO_ELEICAO,DT_ELEICAO,SG_UF,SG_UE,NM_UE,CD_MUNICIPIO,NM_MUNICIPIO,NR_ZONA,NR_SECAO,NR_VOTAVEL,NM_VOTAVEL,QT_VOTOS,NR_LOCAL_VOTACAO
2020,15/11/2020,SP,70750,SÃO BERNARDO DO CAMPO,70750,SÃO BERNARDO DO CAMPO,174,2,28300,ANDERSON CARNEIRO DA SILVA,1,1015
2020,15/11/2020,SP,70750,SÃO BERNARDO DO CAMPO,70750,SÃO BERNARDO DO CAMPO,174,5,28300,ANDERSON CARNEIRO DA SILVA,1,1015
2020,15/11/2020,SP,70750,SÃO BERNARDO DO CAMPO,70750,SÃO BERNARDO DO CAMPO,174,7,28300,ANDERSON CARNEIRO DA SILVA,1,1031
2020,15/11/2020,SP,70750,SÃO BERNARDO DO CAMPO,70750,SÃO BERNARDO DO CAMPO,174,9,28300,ANDERSON CARNEIRO DA SILVA,1,1031
2020,15/11/2020,SP,70750,SÃO BERNARDO DO CAMPO,70750,SÃO BERNARDO DO CAMPO,174,13,28300,ANDERSON CARNEIRO DA SILVA,1,1066
2020,15/11/2020,SP,70750,SÃO BERNARDO DO CAMPO,70750,SÃO BERNARDO DO CAMPO,174,17,28300,ANDERSON CARNEIRO DA SILVA,2,1058
2020,15/11/2020,SP,70750,SÃO BERNARDO DO CAMPO,70750,SÃO BERNARDO DO CAMPO,174,18,28300,ANDERSON CARNEIRO DA SILVA,1,1058
2020,15/11/2020,SP,70750,SÃO BERNARDO DO CAMPO,70750,SÃO BERNARDO DO CAMPO,174,24,28300,ANDERSON CARNEIRO DA SILVA,1,1066
2020,15/11/2020,SP,70750,SÃO BERNARDO DO CAMPO,70750,SÃO BERNARDO DO CAMPO,174,25,28300,ANDERSON CARNEIRO DA SILVA,1,1066
2020,15/11/2020,SP,70750,SÃO BERNARDO DO CAMPO,70750,SÃO BERNARDO DO CAMPO,174,29,28300,ANDERSON CARNEIRO DA SILVA,1,1015
2020,15/11/2020,SP,70750,SÃO BERNARDO DO CAMPO,70750,SÃO BERNARDO DO CAMPO,174,33,28300,ANDERSON CARNEIRO DA SILVA,1,1090
2020,15/11/2020,SP,70750,SÃO BERNARDO DO CAMPO,70750,SÃO BERNARDO DO CAMPO,174,34,28300,ANDERSON CARNEIRO DA SILVA,1,1090
2020,15/11/2020,SP,70750,SÃO BERNARDO DO CAMPO,70750,SÃO BERNARDO DO CAMPO,174,35,28300,ANDERSON CARNEIRO DA SILVA,1,1090
2020,15/11/2020,SP,70750,SÃO BERNARDO DO CAMPO,70750,SÃO BERNARDO DO CAMPO,174,36,28300,ANDERSON CARNEIRO DA SILVA,1,1090
2020,15/11/2020,SP,70750,SÃO BERNARDO DO CAMPO,70750,SÃO BERNARDO DO CAMPO,174,37,28300,ANDERSON CARNEIRO DA SILVA,1,1090
2020,15/11/2020,SP,70750,SÃO BERNARDO DO CAMPO,70750,SÃO BERNARDO DO CAMPO,174,38,28300,ANDERSON CARNEIRO DA SILVA,1,1090
2020,15/11/2020,SP,70750,SÃO BERNARDO DO CAMPO,70750,SÃO BERNARDO DO CAMPO,174,40,28300,ANDERSON CARNEIRO DA SILVA,1,1090
2020,15/11/2020,SP,70750,SÃO BERNARDO DO CAMPO,70750,SÃO BERNARDO DO CAMPO,174,41,28300,ANDERSON CARNEIRO DA SILVA,2,1090
2020,15/11/2020,SP,70750,SÃO BERNARDO DO CAMPO,70750,SÃO BERNARDO DO CAMPO,174,47,28300,ANDERSON CARNEIRO DA SILVA,1,1104
2020,15/11/2020,SP,70750,SÃO BERNARDO DO CAMPO,70750,SÃO BERNARDO DO CAMPO,174,48,28300,ANDERSON CARNEIRO DA SILVA,1,1104
2020,15/11/2020,SP,70750,SÃO BERNARDO DO CAMPO,70750,SÃO BERNARDO DO CAMPO,174,49,28300,ANDERSON CARNEIRO DA SILVA,1,1104
2020,15/11/2020,SP,70750,SÃO BERNARDO DO CAMPO,70750,SÃO BERNARDO DO CAMPO,174,50,28300,ANDERSON CARNEIRO DA SILVA,2,1104
2020,15/11/2020,SP,70750,SÃO BERNARDO DO CAMPO,70750,SÃO BERNARDO DO CAMPO,174,53,28300,ANDERSON CARNEIRO DA SILVA,1,1104
2020,15/11/2020,SP,70750,SÃO BERNARDO DO CAMPO,70750,SÃO BERNARDO DO CAMPO,174,56,28300,ANDERSON CARNEIRO DA SILVA,1,1104
2020,15/11/2020,SP,70750,SÃO BERNARDO DO CAMPO,70750,SÃO BERNARDO DO CAMPO,174,68,28300,ANDERSON CARNEIRO DA SILVA,1,1112
2020,15/11/2020,SP,70750,SÃO BERNARDO DO CAMPO,70750,SÃO BERNARDO DO CAMPO,174,75,28300,ANDERSON CARNEIRO DA SILVA,1,1198
2020,15/11/2020,SP,70750,SÃO BERNARDO DO CAMPO,70750,SÃO BERNARDO DO CAMPO,174,78,28300,ANDERSON CARNEIRO DA SILVA,1,1201
2020,15/11/2020,SP,70750,SÃO BERNARDO DO CAMPO,70750,SÃO BERNARDO DO CAMPO,174,80,28300,ANDERSON CARNEIRO DA SILVA,1,1201
2020,15/11/2020,SP,70750,SÃO BERNARDO DO CAMPO,70750,SÃO BERNARDO DO CAMPO,174,81,28300,ANDERSON CARNEIRO DA SILVA,1,1201
2020,15/11/2020,SP,70750,SÃO BERNARDO DO CAMPO,70750,SÃO BERNARDO DO CAMPO,174,86,28300,ANDERSON CARNEIRO DA SILVA,1,1120
2020,15/11/2020,SP,70750,SÃO BERNARDO DO CAMPO,70750,SÃO BERNARDO DO CAMPO,174,88,28300,ANDERSON CARNEIRO DA SILVA,2,1120
2020,15/11/2020,SP,70750,SÃO BERNARDO DO CAMPO,70750,SÃO BERNARDO DO CAMPO,174,90,28300,ANDERSON CARNEIRO DA SILVA,2,1120
2020,15/11/2020,SP,70750,SÃO BERNARDO DO CAMPO,70750,SÃO BERNARDO DO CAMPO,174,93,28300,ANDERSON CARNEIRO DA SILVA,2,1139
2020,15/11/2020,SP,70750,SÃO BERNARDO DO CAMPO,70750,SÃO BERNARDO DO CAMPO,174,103,28300,ANDERSON CARNEIRO DA SILVA,1,1147
2020,15/11/2020,SP,70750,SÃO BERNARDO DO CAMPO,70750,SÃO BERNARDO DO CAMPO,174,109,28300,ANDERSON CARNEIRO DA SILVA,1,1155
2020,15/11/2020,SP,70750,SÃO BERNARDO DO CAMPO,70750,SÃO BERNARDO DO CAMPO,174,112,28300,ANDERSON CARNEIRO DA SILVA,1,1155
2020,15/11/2020,SP,70750,SÃO BERNARDO DO CAMPO,70750,SÃO BERNARDO DO CAMPO,174,113,28300,ANDERSON CARNEIRO DA SILVA,3,1163
2020,15/11/2020,SP,70750,SÃO BERNARDO DO CAMPO,70750,SÃO BERNARDO DO CAMPO,174,114,28300,ANDERSON CARNEIRO DA SILVA,2,1171
2020,15/11/2020,SP,70750,SÃO BERNARDO DO CAMPO,70750,SÃO BERNARDO DO CAMPO,174,119,28300,ANDERSON CARNEIRO DA SILVA,1,1074
2020,15/11/2020,SP,70750,SÃO BERNARDO DO CAMPO,70750,SÃO BERNARDO DO CAMPO,174,121,28300,ANDERSON CARNEIRO DA SILVA,1,1163
2020,15/11/2020,SP,70750,SÃO BERNARDO DO CAMPO,70750,SÃO BERNARDO DO CAMPO,174,122,28300,ANDERSON CARNEIRO DA SILVA,1,1171
2020,15/11/2020,SP,70750,SÃO BERNARDO DO CAMPO,70750,SÃO BERNARDO DO CAMPO,174,126,28300,ANDERSON CARNEIRO DA SILVA,2,1171
2020,15/11/2020,SP,70750,SÃO BERNARDO DO CAMPO,70750,SÃO BERNARDO DO CAMPO,174,128,28300,ANDERSON CARNEIRO DA SILVA,1,1163
2020,15/11/2020,SP,70750,SÃO BERNARDO DO CAMPO,70750,SÃO BERNARDO DO CAMPO,174,131,28300,ANDERSON CARNEIRO DA SILVA,1,1171
2020,15/11/2020,SP,70750,SÃO BERNARDO DO CAMPO,70750,SÃO BERNARDO DO CAMPO,174,134,28300,ANDERSON CARNEIRO DA SILVA,2,1163
2020,15/11/2020,SP,70750,SÃO BERNARDO DO CAMPO,70750,SÃO BERNARDO DO CAMPO,174,135,28300,ANDERSON CARNEIRO DA SILVA,3,1228
2020,15/11/2020,SP,70750,SÃO BERNARDO DO CAMPO,70750,SÃO BERNARDO DO CAMPO,174,136,28300,ANDERSON CARNEIRO DA SILVA,2,1163
2020,15/11/2020,SP,70750,SÃO BERNARDO DO CAMPO,70750,SÃO BERNARDO DO CAMPO,174,137,28300,ANDERSON CARNEIRO DA SILVA,2,1163
2020,15/11/2020,SP,70750,SÃO BERNARDO DO CAMPO,70750,SÃO BERNARDO DO CAMPO,174,138,28300,ANDERSON CARNEIRO DA SILVA,1,1210
2020,15/11/2020,SP,70750,SÃO BERNARDO DO CAMPO,70750,SÃO BERNARDO DO CAMPO,174,139,28300,ANDERSON CARNEIRO DA SILVA,3,1228
2020,15/11/2020,SP,70750,SÃO BERNARDO DO CAMPO,70750,SÃO BERNARDO DO CAMPO,174,143,28300,ANDERSON CARNEIRO DA SILVA,1,1236
2020,15/11/2020,SP,70750,SÃO BERNARDO DO CAMPO,70750,SÃO BERNARDO DO CAMPO,174,145,28300,ANDERSON CARNEIRO DA SILVA,2,1252
2020,15/11/2020,SP,70750,SÃO BERNARDO DO CAMPO,70750,SÃO BERNARDO DO CAMPO,174,147,28300,ANDERSON CARNEIRO DA SILVA,1,1163
2020,15/11/2020,SP,70750,SÃO BERNARDO DO CAMPO,70750,SÃO BERNARDO DO CAMPO,174,148,28300,ANDERSON CARNEIRO DA SILVA,2,1228
2020,15/11/2020,SP,70750,SÃO BERNARDO DO CAMPO,70750,SÃO BERNARDO DO CAMPO,174,150,28300,ANDERSON CARNEIRO DA SILVA,3,1228
2020,15/11/2020,SP,70750,SÃO BERNARDO DO CAMPO,70750,SÃO BERNARDO DO CAMPO,174,151,28300,ANDERSON CARNEIRO DA SILVA,1,1252
2020,15/11/2020,SP,70750,SÃO BERNARDO DO CAMPO,70750,SÃO BERNARDO DO CAMPO,174,152,28300,ANDERSON CARNEIRO DA SILVA,3,1163
2020,15/11/2020,SP,70750,SÃO BERNARDO DO CAMPO,70750,SÃO BERNARDO DO CAMPO,174,153,28300,ANDERSON CARNEIRO DA SILVA,3,1228
2020,15/11/2020,SP,70750,SÃO BERNARDO DO CAMPO,70750,SÃO BERNARDO DO CAMPO,174,157,28300,ANDERSON CARNEIRO DA SILVA,2,1228
2020,15/11/2020,SP,70750,SÃO BERNARDO DO CAMPO,70750,SÃO BERNARDO DO CAMPO,174,158,28300,ANDERSON CARNEIRO DA SILVA,1,1244
2020,15/11/2020,SP,70750,SÃO BERNARDO DO CAMPO,70750,SÃO BERNARDO DO CAMPO,174,159,28300,ANDERSON CARNEIRO DA SILVA,2,1228
2020,15/11/2020,SP,70750,SÃO BERNARDO DO CAMPO,70750,SÃO BERNARDO DO CAMPO,174,161,28300,ANDERSON CARNEIRO DA SILVA,4,1228
2020,15/11/2020,SP,70750,SÃO BERNARDO DO CAMPO,70750,SÃO BERNARDO DO CAMPO,174,162,28300,ANDERSON CARNEIRO DA SILVA,2,1163
2020,15/11/2020,SP,70750,SÃO BERNARDO DO CAMPO,70750,SÃO BERNARDO DO CAMPO,174,165,28300,ANDERSON CARNEIRO DA SILVA,3,1228
2020,15/11/2020,SP,70750,SÃO BERNARDO DO CAMPO,70750,SÃO BERNARDO DO CAMPO,174,167,28300,ANDERSON CARNEIRO DA SILVA,3,1236
2020,15/11/2020,SP,70750,SÃO BERNARDO DO CAMPO,70750,SÃO BERNARDO DO CAMPO,174,180,28300,ANDERSON CARNEIRO DA SILVA,1,1120
2020,15/11/2020,SP,70750,SÃO BERNARDO DO CAMPO,70750,SÃO BERNARDO DO CAMPO,174,182,28300,ANDERSON CARNEIRO DA SILVA,1,1031
2020,15/11/2020,SP,70750,SÃO BERNARDO DO CAMPO,70750,SÃO BERNARDO DO CAMPO,174,187,28300,ANDERSON CARNEIRO DA SILVA,1,1171
2020,15/11/2020,SP,70750,SÃO BERNARDO DO CAMPO,70750,SÃO BERNARDO DO CAMPO,174,188,28300,ANDERSON CARNEIRO DA SILVA,4,1970
2020,15/11/2020,SP,70750,SÃO BERNARDO DO CAMPO,70750,SÃO BERNARDO DO CAMPO,174,189,28300,ANDERSON CARNEIRO DA SILVA,4,1953
2020,15/11/2020,SP,70750,SÃO BERNARDO DO CAMPO,70750,SÃO BERNARDO DO CAMPO,174,190,28300,ANDERSON CARNEIRO DA SILVA,1,1961
2020,15/11/2020,SP,70750,SÃO BERNARDO DO CAMPO,70750,SÃO BERNARDO DO CAMPO,174,191,28300,ANDERSON CARNEIRO DA SILVA,2,1945
2020,15/11/2020,SP,70750,SÃO BERNARDO DO CAMPO,70750,SÃO BERNARDO DO CAMPO,174,192,28300,ANDERSON CARNEIRO DA SILVA,1,1937
2020,15/11/2020,SP,70750,SÃO BERNARDO DO CAMPO,70750,SÃO BERNARDO DO CAMPO,174,193,28300,ANDERSON CARNEIRO DA SILVA,3,1970
2020,15/11/2020,SP,70750,SÃO BERNARDO DO CAMPO,70750,SÃO BERNARDO DO CAMPO,174,194,28300,ANDERSON CARNEIRO DA SILVA,1,1953
2020,15/11/2020,SP,70750,SÃO BERNARDO DO CAMPO,70750,SÃO BERNARDO DO CAMPO,174,195,28300,ANDERSON CARNEIRO DA SILVA,1,1236
2020,15/11/2020,SP,70750,SÃO BERNARDO DO CAMPO,70750,SÃO BERNARDO DO CAMPO,174,196,28300,ANDERSON CARNEIRO DA SILVA,1,1953
2020,15/11/2020,SP,70750,SÃO BERNARDO DO CAMPO,70750,SÃO BERNARDO DO CAMPO,174,197,28300,ANDERSON CARNEIRO DA SILVA,6,1970
2020,15/11/2020,SP,70750,SÃO BERNARDO DO CAMPO,70750,SÃO BERNARDO DO CAMPO,174,198,28300,ANDERSON CARNEIRO DA SILVA,1,1260
2020,15/11/2020,SP,70750,SÃO BERNARDO DO CAMPO,70750,SÃO BERNARDO DO CAMPO,174,199,28300,ANDERSON CARNEIRO DA SILVA,1,1252
2020,15/11/2020,SP,70750,SÃO BERNARDO DO CAMPO,70750,SÃO BERNARDO DO CAMPO,174,200,28300,ANDERSON CARNEIRO DA SILVA,4,1953
2020,15/11/2020,SP,70750,SÃO BERNARDO DO CAMPO,70750,SÃO BERNARDO DO CAMPO,174,201,28300,ANDERSON CARNEIRO DA SILVA,4,1970
2020,15/11/2020,SP,70750,SÃO BERNARDO DO CAMPO,70750,SÃO BERNARDO DO CAMPO,174,203,28300,ANDERSON CARNEIRO DA SILVA,1,1058
2020,15/11/2020,SP,70750,SÃO BERNARDO DO CAMPO,70750,SÃO BERNARDO DO CAMPO,174,204,28300,ANDERSON CARNEIRO DA SILVA,1,1953
2020,15/11/2020,SP,70750,SÃO BERNARDO DO CAMPO,70750,SÃO BERNARDO DO CAMPO,174,205,28300,ANDERSON CARNEIRO DA SILVA,2,1236
2020,15/11/2020,SP,70750,SÃO BERNARDO DO CAMPO,70750,SÃO BERNARDO DO CAMPO,174,206,28300,ANDERSON CARNEIRO DA SILVA,3,1260
2020,15/11/2020,SP,70750,SÃO BERNARDO DO CAMPO,70750,SÃO BERNARDO DO CAMPO,174,209,28300,ANDERSON CARNEIRO DA SILVA,2,1970
2020,15/11/2020,SP,70750,SÃO BERNARDO DO CAMPO,70750,SÃO BERNARDO DO CAMPO,174,210,28300,ANDERSON CARNEIRO DA SILVA,2,1252
2020,15/11/2020,SP,70750,SÃO BERNARDO DO CAMPO,70750,SÃO BERNARDO DO CAMPO,174,212,28300,ANDERSON CARNEIRO DA SILVA,1,1163
2020,15/11/2020,SP,70750,SÃO BERNARDO DO CAMPO,70750,SÃO BERNARDO DO CAMPO,174,214,28300,ANDERSON CARNEIRO DA SILVA,1,1970
2020,15/11/2020,SP,70750,SÃO BERNARDO DO CAMPO,70750,SÃO BERNARDO DO CAMPO,174,216,28300,ANDERSON CARNEIRO DA SILVA,2,1953
2020,15/11/2020,SP,70750,SÃO BERNARDO DO CAMPO,70750,SÃO BERNARDO DO CAMPO,174,217,28300,ANDERSON CARNEIRO DA SILVA,2,1236
2020,15/11/2020,SP,70750,SÃO BERNARDO DO CAMPO,70750,SÃO BERNARDO DO CAMPO,174,218,28300,ANDERSON CARNEIRO DA SILVA,1,1970
2020,15/11/2020,SP,70750,SÃO BERNARDO DO CAMPO,70750,SÃO BERNARDO DO CAMPO,174,219,28300,ANDERSON CARNEIRO DA SILVA,2,1961
2020,15/11/2020,SP,70750,SÃO BERNARDO DO CAMPO,70750,SÃO BERNARDO DO CAMPO,174,222,28300,ANDERSON CARNEIRO DA SILVA,1,1058
2020,15/11/2020,SP,70750,SÃO BERNARDO DO CAMPO,70750,SÃO BERNARDO DO CAMPO,174,223,28300,ANDERSON CARNEIRO DA SILVA,2,1945
2020,15/11/2020,SP,70750,SÃO BERNARDO DO CAMPO,70750,SÃO BERNARDO DO CAMPO,174,224,28300,ANDERSON CARNEIRO DA SILVA,6,1970
2020,15/11/2020,SP,70750,SÃO BERNARDO DO CAMPO,70750,SÃO BERNARDO DO CAMPO,174,226,28300,ANDERSON CARNEIRO DA SILVA,2,1945
2020,15/11/2020,SP,70750,SÃO BERNARDO DO CAMPO,70750,SÃO BERNARDO DO CAMPO,174,232,28300,ANDERSON CARNEIRO DA SILVA,1,1970
2020,15/11/2020,SP,70750,SÃO BERNARDO DO CAMPO,70750,SÃO BERNARDO DO CAMPO,174,233,28300,ANDERSON CARNEIRO DA SILVA,2,1945
2020,15/11/2020,SP,70750,SÃO BERNARDO DO CAMPO,70750,SÃO BERNARDO DO CAMPO,174,242,28300,ANDERSON CARNEIRO DA SILVA,1,1139
2020,15/11/2020,SP,70750,SÃO BERNARDO DO CAMPO,70750,SÃO BERNARDO DO CAMPO,174,245,28300,ANDERSON CARNEIRO DA SILVA,1,1988
2020,15/11/2020,SP,70750,SÃO BERNARDO DO CAMPO,70750,SÃO BERNARDO DO CAMPO,174,247,28300,ANDERSON CARNEIRO DA SILVA,1,1996
2020,15/11/2020,SP,70750,SÃO BERNARDO DO CAMPO,70750,SÃO BERNARDO DO CAMPO,174,248,28300,ANDERSON CARNEIRO DA SILVA,1,1171
2020,15/11/2020,SP,70750,SÃO BERNARDO DO CAMPO,70750,SÃO BERNARDO DO CAMPO,174,249,28300,ANDERSON CARNEIRO DA SILVA,3,1988
2020,15/11/2020,SP,70750,SÃO BERNARDO DO CAMPO,70750,SÃO BERNARDO DO CAMPO,174,252,28300,ANDERSON CARNEIRO DA SILVA,4,1988
2020,15/11/2020,SP,70750,SÃO BERNARDO DO CAMPO,70750,SÃO BERNARDO DO CAMPO,174,254,28300,ANDERSON CARNEIRO DA SILVA,2,1988
2020,15/11/2020,SP,70750,SÃO BERNARDO DO CAMPO,70750,SÃO BERNARDO DO CAMPO,174,256,28300,ANDERSON CARNEIRO DA SILVA,2,1996
2020,15/11/2020,SP,70750,SÃO BERNARDO DO CAMPO,70750,SÃO BERNARDO DO CAMPO,174,258,28300,ANDERSON CARNEIRO DA SILVA,1,1988
2020,15/11/2020,SP,70750,SÃO BERNARDO DO CAMPO,70750,SÃO BERNARDO DO CAMPO,174,260,28300,ANDERSON CARNEIRO DA SILVA,3,1988
2020,15/11/2020,SP,70750,SÃO BERNARDO DO CAMPO,70750,SÃO BERNARDO DO CAMPO,174,262,28300,ANDERSON CARNEIRO DA SILVA,1,2011
2020,15/11/2020,SP,70750,SÃO BERNARDO DO CAMPO,70750,SÃO BERNARDO DO CAMPO,174,263,28300,ANDERSON CARNEIRO DA SILVA,3,1996
2020,15/11/2020,SP,70750,SÃO BERNARDO DO CAMPO,70750,SÃO BERNARDO DO CAMPO,174,265,28300,ANDERSON CARNEIRO DA SILVA,3,2070
2020,15/11/2020,SP,70750,SÃO BERNARDO DO CAMPO,70750,SÃO BERNARDO DO CAMPO,174,266,28300,ANDERSON CARNEIRO DA SILVA,3,1996
2020,15/11/2020,SP,70750,SÃO BERNARDO DO CAMPO,70750,SÃO BERNARDO DO CAMPO,174,267,28300,ANDERSON CARNEIRO DA SILVA,4,1988
2020,15/11/2020,SP,70750,SÃO BERNARDO DO CAMPO,70750,SÃO BERNARDO DO CAMPO,174,268,28300,ANDERSON CARNEIRO DA SILVA,1,2011
2020,15/11/2020,SP,70750,SÃO BERNARDO DO CAMPO,70750,SÃO BERNARDO DO CAMPO,174,273,28300,ANDERSON CARNEIRO DA SILVA,4,1058
2020,15/11/2020,SP,70750,SÃO BERNARDO DO CAMPO,70750,SÃO BERNARDO DO CAMPO,174,275,28300,ANDERSON CARNEIRO DA SILVA,1,1244
2020,15/11/2020,SP,70750,SÃO BERNARDO DO CAMPO,70750,SÃO BERNARDO DO CAMPO,174,277,28300,ANDERSON CARNEIRO DA SILVA,1,1988
2020,15/11/2020,SP,70750,SÃO BERNARDO DO CAMPO,70750,SÃO BERNARDO DO CAMPO,174,281,28300,ANDERSON CARNEIRO DA SILVA,1,2020
2020,15/11/2020,SP,70750,SÃO BERNARDO DO CAMPO,70750,SÃO BERNARDO DO CAMPO,174,282,28300,ANDERSON CARNEIRO DA SILVA,1,1058
2020,15/11/2020,SP,70750,SÃO BERNARDO DO CAMPO,70750,SÃO BERNARDO DO CAMPO,174,283,28300,ANDERSON CARNEIRO DA SILVA,1,2011
2020,15/11/2020,SP,70750,SÃO BERNARDO DO CAMPO,70750,SÃO BERNARDO DO CAMPO,174,284,28300,ANDERSON CARNEIRO DA SILVA,1,2046
2020,15/11/2020,SP,70750,SÃO BERNARDO DO CAMPO,70750,SÃO BERNARDO DO CAMPO,174,290,28300,ANDERSON CARNEIRO DA SILVA,1,1996
2020,15/11/2020,SP,70750,SÃO BERNARDO DO CAMPO,70750,SÃO BERNARDO DO CAMPO,174,293,28300,ANDERSON CARNEIRO DA SILVA,3,2070
2020,15/11/2020,SP,70750,SÃO BERNARDO DO CAMPO,70750,SÃO BERNARDO DO CAMPO,174,294,28300,ANDERSON CARNEIRO DA SILVA,3,2038
2020,15/11/2020,SP,70750,SÃO BERNARDO DO CAMPO,70750,SÃO BERNARDO DO CAMPO,174,295,28300,ANDERSON CARNEIRO DA SILVA,1,1058
2020,15/11/2020,SP,70750,SÃO BERNARDO DO CAMPO,70750,SÃO BERNARDO DO CAMPO,174,297,28300,ANDERSON CARNEIRO DA SILVA,3,2038
2020,15/11/2020,SP,70750,SÃO BERNARDO DO CAMPO,70750,SÃO BERNARDO DO CAMPO,174,298,28300,ANDERSON CARNEIRO DA SILVA,2,1961
2020,15/11/2020,SP,70750,SÃO BERNARDO DO CAMPO,70750,SÃO BERNARDO DO CAMPO,174,301,28300,ANDERSON CARNEIRO DA SILVA,5,2038
2020,15/11/2020,SP,70750,SÃO BERNARDO DO CAMPO,70750,SÃO BERNARDO DO CAMPO,174,304,28300,ANDERSON CARNEIRO DA SILVA,3,2038
2020,15/11/2020,SP,70750,SÃO BERNARDO DO CAMPO,70750,SÃO BERNARDO DO CAMPO,174,309,28300,ANDERSON CARNEIRO DA SILVA,6,2038
2020,15/11/2020,SP,70750,SÃO BERNARDO DO CAMPO,70750,SÃO BERNARDO DO CAMPO,174,310,28300,ANDERSON CARNEIRO DA SILVA,3,2011
2020,15/11/2020,SP,70750,SÃO BERNARDO DO CAMPO,70750,SÃO BERNARDO DO CAMPO,174,311,28300,ANDERSON CARNEIRO DA SILVA,1,1937
2020,15/11/2020,SP,70750,SÃO BERNARDO DO CAMPO,70750,SÃO BERNARDO DO CAMPO,174,312,28300,ANDERSON CARNEIRO DA SILVA,3,2038
2020,15/11/2020,SP,70750,SÃO BERNARDO DO CAMPO,70750,SÃO BERNARDO DO CAMPO,174,313,28300,ANDERSON CARNEIRO DA SILVA,2,2054
2020,15/11/2020,SP,70750,SÃO BERNARDO DO CAMPO,70750,SÃO BERNARDO DO CAMPO,174,314,28300,ANDERSON CARNEIRO DA SILVA,5,2038
2020,15/11/2020,SP,70750,SÃO BERNARDO DO CAMPO,70750,SÃO BERNARDO DO CAMPO,174,315,28300,ANDERSON CARNEIRO DA SILVA,1,2046
2020,15/11/2020,SP,70750,SÃO BERNARDO DO CAMPO,70750,SÃO BERNARDO DO CAMPO,174,316,28300,ANDERSON CARNEIRO DA SILVA,1,1937
2020,15/11/2020,SP,70750,SÃO BERNARDO DO CAMPO,70750,SÃO BERNARDO DO CAMPO,174,317,28300,ANDERSON CARNEIRO DA SILVA,1,2062
2020,15/11/2020,SP,70750,SÃO BERNARDO DO CAMPO,70750,SÃO BERNARDO DO CAMPO,174,321,28300,ANDERSON CARNEIRO DA SILVA,1,1996
2020,15/11/2020,SP,70750,SÃO BERNARDO DO CAMPO,70750,SÃO BERNARDO DO CAMPO,174,322,28300,ANDERSON CARNEIRO DA SILVA,2,2070
2020,15/11/2020,SP,70750,SÃO BERNARDO DO CAMPO,70750,SÃO BERNARDO DO CAMPO,174,323,28300,ANDERSON CARNEIRO DA SILVA,1,2038
2020,15/11/2020,SP,70750,SÃO BERNARDO DO CAMPO,70750,SÃO BERNARDO DO CAMPO,174,325,28300,ANDERSON CARNEIRO DA SILVA,5,2038
2020,15/11/2020,SP,70750,SÃO BERNARDO DO CAMPO,70750,SÃO BERNARDO DO CAMPO,174,327,28300,ANDERSON CARNEIRO DA SILVA,2,2054
2020,15/11/2020,SP,70750,SÃO BERNARDO DO CAMPO,70750,SÃO BERNARDO DO CAMPO,174,328,28300,ANDERSON CARNEIRO DA SILVA,1,2070
2020,15/11/2020,SP,70750,SÃO BERNARDO DO CAMPO,70750,SÃO BERNARDO DO CAMPO,174,330,28300,ANDERSON CARNEIRO DA SILVA,1,2038
2020,15/11/2020,SP,70750,SÃO BERNARDO DO CAMPO,70750,SÃO BERNARDO DO CAMPO,174,332,28300,ANDERSON CARNEIRO DA SILVA,1,2020
2020,15/11/2020,SP,70750,SÃO BERNARDO DO CAMPO,70750,SÃO BERNARDO DO CAMPO,174,333,28300,ANDERSON CARNEIRO DA SILVA,6,2038
2020,15/11/2020,SP,70750,SÃO BERNARDO DO CAMPO,70750,SÃO BERNARDO DO CAMPO,174,335,28300,ANDERSON CARNEIRO DA SILVA,6,2054
2020,15/11/2020,SP,70750,SÃO BERNARDO DO CAMPO,70750,SÃO BERNARDO DO CAMPO,174,336,28300,ANDERSON CARNEIRO DA SILVA,1,2038
2020,15/11/2020,SP,70750,SÃO BERNARDO DO CAMPO,70750,SÃO BERNARDO DO CAMPO,174,339,28300,ANDERSON CARNEIRO DA SILVA,1,2020
2020,15/11/2020,SP,70750,SÃO BERNARDO DO CAMPO,70750,SÃO BERNARDO DO CAMPO,174,340,28300,ANDERSON CARNEIRO DA SILVA,6,2038
2020,15/11/2020,SP,70750,SÃO BERNARDO DO CAMPO,70750,SÃO BERNARDO DO CAMPO,174,341,28300,ANDERSON CARNEIRO DA SILVA,1,2054
2020,15/11/2020,SP,70750,SÃO BERNARDO DO CAMPO,70750,SÃO BERNARDO DO CAMPO,174,345,28300,ANDERSON CARNEIRO DA SILVA,2,2070
2020,15/11/2020,SP,70750,SÃO BERNARDO DO CAMPO,70750,SÃO BERNARDO DO CAMPO,174,346,28300,ANDERSON CARNEIRO DA SILVA,1,2089
2020,15/11/2020,SP,70750,SÃO BERNARDO DO CAMPO,70750,SÃO BERNARDO DO CAMPO,174,349,28300,ANDERSON CARNEIRO DA SILVA,2,2054
2020,15/11/2020,SP,70750,SÃO BERNARDO DO CAMPO,70750,SÃO BERNARDO DO CAMPO,174,350,28300,ANDERSON CARNEIRO DA SILVA,2,2089
2020,15/11/2020,SP,70750,SÃO BERNARDO DO CAMPO,70750,SÃO BERNARDO DO CAMPO,174,351,28300,ANDERSON CARNEIRO DA SILVA,1,2046
2020,15/11/2020,SP,70750,SÃO BERNARDO DO CAMPO,70750,SÃO BERNARDO DO CAMPO,174,353,28300,ANDERSON CARNEIRO DA SILVA,3,2089
2020,15/11/2020,SP,70750,SÃO BERNARDO DO CAMPO,70750,SÃO BERNARDO DO CAMPO,174,357,28300,ANDERSON CARNEIRO DA SILVA,4,2089
2020,15/11/2020,SP,70750,SÃO BERNARDO DO CAMPO,70750,SÃO BERNARDO DO CAMPO,174,359,28300,ANDERSON CARNEIRO DA SILVA,1,2020
2020,15/11/2020,SP,70750,SÃO BERNARDO DO CAMPO,70750,SÃO BERNARDO DO CAMPO,174,360,28300,ANDERSON CARNEIRO DA SILVA,2,2070
2020,15/11/2020,SP,70750,SÃO BERNARDO DO CAMPO,70750,SÃO BERNARDO DO CAMPO,174,361,28300,ANDERSON CARNEIRO DA SILVA,4,2089
2020,15/11/2020,SP,70750,SÃO BERNARDO DO CAMPO,70750,SÃO BERNARDO DO CAMPO,174,362,28300,ANDERSON CARNEIRO DA SILVA,1,2097
2020,15/11/2020,SP,70750,SÃO BERNARDO DO CAMPO,70750,SÃO BERNARDO DO CAMPO,174,364,28300,ANDERSON CARNEIRO DA SILVA,1,2054
2020,15/11/2020,SP,70750,SÃO BERNARDO DO CAMPO,70750,SÃO BERNARDO DO CAMPO,174,365,28300,ANDERSON CARNEIRO DA SILVA,4,2089
2020,15/11/2020,SP,70750,SÃO BERNARDO DO CAMPO,70750,SÃO BERNARDO DO CAMPO,174,371,28300,ANDERSON CARNEIRO DA SILVA,8,2100
2020,15/11/2020,SP,70750,SÃO BERNARDO DO CAMPO,70750,SÃO BERNARDO DO CAMPO,174,373,28300,ANDERSON CARNEIRO DA SILVA,2,1937
2020,15/11/2020,SP,70750,SÃO BERNARDO DO CAMPO,70750,SÃO BERNARDO DO CAMPO,174,374,28300,ANDERSON CARNEIRO DA SILVA,3,2100
2020,15/11/2020,SP,70750,SÃO BERNARDO DO CAMPO,70750,SÃO BERNARDO DO CAMPO,174,376,28300,ANDERSON CARNEIRO DA SILVA,2,2097
2020,15/11/2020,SP,70750,SÃO BERNARDO DO CAMPO,70750,SÃO BERNARDO DO CAMPO,174,378,28300,ANDERSON CARNEIRO DA SILVA,1,1996
2020,15/11/2020,SP,70750,SÃO BERNARDO DO CAMPO,70750,SÃO BERNARDO DO CAMPO,174,381,28300,ANDERSON CARNEIRO DA SILVA,5,2100
2020,15/11/2020,SP,70750,SÃO BERNARDO DO CAMPO,70750,SÃO BERNARDO DO CAMPO,174,383,28300,ANDERSON CARNEIRO DA SILVA,1,2020
2020,15/11/2020,SP,70750,SÃO BERNARDO DO CAMPO,70750,SÃO BERNARDO DO CAMPO,174,384,28300,ANDERSON CARNEIRO DA SILVA,3,2070
2020,15/11/2020,SP,70750,SÃO BERNARDO DO CAMPO,70750,SÃO BERNARDO DO CAMPO,174,385,28300,ANDERSON CARNEIRO DA SILVA,2,2100
2020,15/11/2020,SP,70750,SÃO BERNARDO DO CAMPO,70750,SÃO BERNARDO DO CAMPO,174,386,28300,ANDERSON CARNEIRO DA SILVA,4,2054
2020,15/11/2020,SP,70750,SÃO BERNARDO DO CAMPO,70750,SÃO BERNARDO DO CAMPO,174,387,28300,ANDERSON CARNEIRO DA SILVA,4,2100
2020,15/11/2020,SP,70750,SÃO BERNARDO DO CAMPO,70750,SÃO BERNARDO DO CAMPO,174,389,28300,ANDERSON CARNEIRO DA SILVA,3,2100
2020,15/11/2020,SP,70750,SÃO BERNARDO DO CAMPO,70750,SÃO BERNARDO DO CAMPO,174,394,28300,ANDERSON CARNEIRO DA SILVA,3,2100
2020,15/11/2020,SP,70750,SÃO BERNARDO DO CAMPO,70750,SÃO BERNARDO DO CAMPO,174,396,28300,ANDERSON CARNEIRO DA SILVA,2,2100
2020,15/11/2020,SP,70750,SÃO BERNARDO DO CAMPO,70750,SÃO BERNARDO DO CAMPO,174,397,28300,ANDERSON CARNEIRO DA SILVA,2,2054
2020,15/11/2020,SP,70750,SÃO BERNARDO DO CAMPO,70750,SÃO BERNARDO DO CAMPO,174,398,28300,ANDERSON CARNEIRO DA SILVA,1,2100
2020,15/11/2020,SP,70750,SÃO BERNARDO DO CAMPO,70750,SÃO BERNARDO DO CAMPO,174,400,28300,ANDERSON CARNEIRO DA SILVA,1,1171
2020,15/11/2020,SP,70750,SÃO BERNARDO DO CAMPO,70750,SÃO BERNARDO DO CAMPO,174,401,28300,ANDERSON CARNEIRO DA SILVA,1,1244
2020,15/11/2020,SP,70750,SÃO BERNARDO DO CAMPO,70750,SÃO BERNARDO DO CAMPO,174,405,28300,ANDERSON CARNEIRO DA SILVA,5,2038
2020,15/11/2020,SP,70750,SÃO BERNARDO DO CAMPO,70750,SÃO BERNARDO DO CAMPO,174,415,28300,ANDERSON CARNEIRO DA SILVA,1,2097
2020,15/11/2020,SP,70750,SÃO BERNARDO DO CAMPO,70750,SÃO BERNARDO DO CAMPO,174,421,28300,ANDERSON CARNEIRO DA SILVA,3,2038
2020,15/11/2020,SP,70750,SÃO BERNARDO DO CAMPO,70750,SÃO BERNARDO DO CAMPO,174,431,28300,ANDERSON CARNEIRO DA SILVA,1,1252
2020,15/11/2020,SP,70750,SÃO BERNARDO DO CAMPO,70750,SÃO BERNARDO DO CAMPO,174,433,28300,ANDERSON CARNEIRO DA SILVA,1,2070
2020,15/11/2020,SP,70750,SÃO BERNARDO DO CAMPO,70750,SÃO BERNARDO DO CAMPO,174,435,28300,ANDERSON CARNEIRO DA SILVA,2,2038
2020,15/11/2020,SP,70750,SÃO BERNARDO DO CAMPO,70750,SÃO BERNARDO DO CAMPO,174,436,28300,ANDERSON CARNEIRO DA SILVA,1,2089
2020,15/11/2020,SP,70750,SÃO BERNARDO DO CAMPO,70750,SÃO BERNARDO DO CAMPO,174,437,28300,ANDERSON CARNEIRO DA SILVA,1,1953
2020,15/11/2020,SP,70750,SÃO BERNARDO DO CAMPO,70750,SÃO BERNARDO DO CAMPO,174,443,28300,ANDERSON CARNEIRO DA SILVA,4,2089
2020,15/11/2020,SP,70750,SÃO BERNARDO DO CAMPO,70750,SÃO BERNARDO DO CAMPO,174,453,28300,ANDERSON CARNEIRO DA SILVA,1,2089
2020,15/11/2020,SP,70750,SÃO BERNARDO DO CAMPO,70750,SÃO BERNARDO DO CAMPO,174,463,28300,ANDERSON CARNEIRO DA SILVA,3,2089
2020,15/11/2020,SP,70750,SÃO BERNARDO DO CAMPO,70750,SÃO BERNARDO DO CAMPO,174,470,28300,ANDERSON CARNEIRO DA SILVA,4,2089
2020,15/11/2020,SP,70750,SÃO BERNARDO DO CAMPO,70750,SÃO BERNARDO DO CAMPO,174,498,28300,ANDERSON CARNEIRO DA SILVA,1,2135
2020,15/11/2020,SP,70750,SÃO BERNARDO DO CAMPO,70750,SÃO BERNARDO DO CAMPO,174,499,28300,ANDERSON CARNEIRO DA SILVA,1,2127
2020,15/11/2020,SP,70750,SÃO BERNARDO DO CAMPO,70750,SÃO BERNARDO DO CAMPO,283,66,28300,ANDERSON CARNEIRO DA SILVA,1,1082
2020,15/11/2020,SP,70750,SÃO BERNARDO DO CAMPO,70750,SÃO BERNARDO DO CAMPO,283,68,28300,ANDERSON CARNEIRO DA SILVA,1,1082
2020,15/11/2020,SP,70750,SÃO BERNARDO DO CAMPO,70750,SÃO BERNARDO DO CAMPO,283,71,28300,ANDERSON CARNEIRO DA SILVA,2,1082
2020,15/11/2020,SP,70750,SÃO BERNARDO DO CAMPO,70750,SÃO BERNARDO DO CAMPO,283,72,28300,ANDERSON CARNEIRO DA SILVA,1,1082
2020,15/11/2020,SP,70750,SÃO BERNARDO DO CAMPO,70750,SÃO BERNARDO DO CAMPO,283,74,28300,ANDERSON CARNEIRO DA SILVA,2,1082
2020,15/11/2020,SP,70750,SÃO BERNARDO DO CAMPO,70750,SÃO BERNARDO DO CAMPO,283,76,28300,ANDERSON CARNEIRO DA SILVA,1,1090
2020,15/11/2020,SP,70750,SÃO BERNARDO DO CAMPO,70750,SÃO BERNARDO DO CAMPO,283,81,28300,ANDERSON CARNEIRO DA SILVA,1,1090
2020,15/11/2020,SP,70750,SÃO BERNARDO DO CAMPO,70750,SÃO BERNARDO DO CAMPO,283,87,28300,ANDERSON CARNEIRO DA SILVA,2,1104
2020,15/11/2020,SP,70750,SÃO BERNARDO DO CAMPO,70750,SÃO BERNARDO DO CAMPO,283,91,28300,ANDERSON CARNEIRO DA SILVA,1,1104
2020,15/11/2020,SP,70750,SÃO BERNARDO DO CAMPO,70750,SÃO BERNARDO DO CAMPO,283,103,28300,ANDERSON CARNEIRO DA SILVA,1,1112
2020,15/11/2020,SP,70750,SÃO BERNARDO DO CAMPO,70750,SÃO BERNARDO DO CAMPO,283,106,28300,ANDERSON CARNEIRO DA SILVA,1,1112
2020,15/11/2020,SP,70750,SÃO BERNARDO DO CAMPO,70750,SÃO BERNARDO DO CAMPO,283,109,28300,ANDERSON CARNEIRO DA SILVA,1,1120
2020,15/11/2020,SP,70750,SÃO BERNARDO DO CAMPO,70750,SÃO BERNARDO DO CAMPO,283,111,28300,ANDERSON CARNEIRO DA SILVA,1,1120
2020,15/11/2020,SP,70750,SÃO BERNARDO DO CAMPO,70750,SÃO BERNARDO DO CAMPO,283,112,28300,ANDERSON CARNEIRO DA SILVA,1,1120
2020,15/11/2020,SP,70750,SÃO BERNARDO DO CAMPO,70750,SÃO BERNARDO DO CAMPO,283,114,28300,ANDERSON CARNEIRO DA SILVA,1,1139
2020,15/11/2020,SP,70750,SÃO BERNARDO DO CAMPO,70750,SÃO BERNARDO DO CAMPO,283,118,28300,ANDERSON CARNEIRO DA SILVA,1,1139
2020,15/11/2020,SP,70750,SÃO BERNARDO DO CAMPO,70750,SÃO BERNARDO DO CAMPO,283,119,28300,ANDERSON CARNEIRO DA SILVA,1,1139
2020,15/11/2020,SP,70750,SÃO BERNARDO DO CAMPO,70750,SÃO BERNARDO DO CAMPO,283,121,28300,ANDERSON CARNEIRO DA SILVA,1,1147
2020,15/11/2020,SP,70750,SÃO BERNARDO DO CAMPO,70750,SÃO BERNARDO DO CAMPO,283,125,28300,ANDERSON CARNEIRO DA SILVA,1,1147
2020,15/11/2020,SP,70750,SÃO BERNARDO DO CAMPO,70750,SÃO BERNARDO DO CAMPO,283,130,28300,ANDERSON CARNEIRO DA SILVA,2,1155
2020,15/11/2020,SP,70750,SÃO BERNARDO DO CAMPO,70750,SÃO BERNARDO DO CAMPO,283,133,28300,ANDERSON CARNEIRO DA SILVA,1,1155
2020,15/11/2020,SP,70750,SÃO BERNARDO DO CAMPO,70750,SÃO BERNARDO DO CAMPO,283,136,28300,ANDERSON CARNEIRO DA SILVA,1,1155
2020,15/11/2020,SP,70750,SÃO BERNARDO DO CAMPO,70750,SÃO BERNARDO DO CAMPO,283,141,28300,ANDERSON CARNEIRO DA SILVA,1,1163
2020,15/11/2020,SP,70750,SÃO BERNARDO DO CAMPO,70750,SÃO BERNARDO DO CAMPO,283,142,28300,ANDERSON CARNEIRO DA SILVA,1,1163
2020,15/11/2020,SP,70750,SÃO BERNARDO DO CAMPO,70750,SÃO BERNARDO DO CAMPO,283,156,28300,ANDERSON CARNEIRO DA SILVA,2,1171
2020,15/11/2020,SP,70750,SÃO BERNARDO DO CAMPO,70750,SÃO BERNARDO DO CAMPO,283,157,28300,ANDERSON CARNEIRO DA SILVA,1,1171
2020,15/11/2020,SP,70750,SÃO BERNARDO DO CAMPO,70750,SÃO BERNARDO DO CAMPO,283,159,28300,ANDERSON CARNEIRO DA SILVA,1,1171
2020,15/11/2020,SP,70750,SÃO BERNARDO DO CAMPO,70750,SÃO BERNARDO DO CAMPO,283,177,28300,ANDERSON CARNEIRO DA SILVA,1,1198
2020,15/11/2020,SP,70750,SÃO BERNARDO DO CAMPO,70750,SÃO BERNARDO DO CAMPO,283,178,28300,ANDERSON CARNEIRO DA SILVA,1,1198
2020,15/11/2020,SP,70750,SÃO BERNARDO DO CAMPO,70750,SÃO BERNARDO DO CAMPO,283,203,28300,ANDERSON CARNEIRO DA SILVA,2,1082
2020,15/11/2020,SP,70750,SÃO BERNARDO DO CAMPO,70750,SÃO BERNARDO DO CAMPO,283,204,28300,ANDERSON CARNEIRO DA SILVA,2,1163
2020,15/11/2020,SP,70750,SÃO BERNARDO DO CAMPO,70750,SÃO BERNARDO DO CAMPO,283,205,28300,ANDERSON CARNEIRO DA SILVA,1,1147
2020,15/11/2020,SP,70750,SÃO BERNARDO DO CAMPO,70750,SÃO BERNARDO DO CAMPO,283,207,28300,ANDERSON CARNEIRO DA SILVA,1,1198
2020,15/11/2020,SP,70750,SÃO BERNARDO DO CAMPO,70750,SÃO BERNARDO DO CAMPO,283,211,28300,ANDERSON CARNEIRO DA SILVA,1,1120
2020,15/11/2020,SP,70750,SÃO BERNARDO DO CAMPO,70750,SÃO BERNARDO DO CAMPO,283,220,28300,ANDERSON CARNEIRO DA SILVA,1,1082
2020,15/11/2020,SP,70750,SÃO BERNARDO DO CAMPO,70750,SÃO BERNARDO DO CAMPO,283,229,28300,ANDERSON CARNEIRO DA SILVA,1,1082
2020,15/11/2020,SP,70750,SÃO BERNARDO DO CAMPO,70750,SÃO BERNARDO DO CAMPO,283,240,28300,ANDERSON CARNEIRO DA SILVA,1,1082
2020,15/11/2020,SP,70750,SÃO BERNARDO DO CAMPO,70750,SÃO BERNARDO DO CAMPO,283,253,28300,ANDERSON CARNEIRO DA SILVA,1,1120
2020,15/11/2020,SP,70750,SÃO BERNARDO DO CAMPO,70750,SÃO BERNARDO DO CAMPO,283,256,28300,ANDERSON CARNEIRO DA SILVA,2,1309
2020,15/11/2020,SP,70750,SÃO BERNARDO DO CAMPO,70750,SÃO BERNARDO DO CAMPO,283,259,28300,ANDERSON CARNEIRO DA SILVA,1,1279
2020,15/11/2020,SP,70750,SÃO BERNARDO DO CAMPO,70750,SÃO BERNARDO DO CAMPO,283,264,28300,ANDERSON CARNEIRO DA SILVA,1,1171
2020,15/11/2020,SP,70750,SÃO BERNARDO DO CAMPO,70750,SÃO BERNARDO DO CAMPO,283,272,28300,ANDERSON CARNEIRO DA SILVA,2,1198
2020,15/11/2020,SP,70750,SÃO BERNARDO DO CAMPO,70750,SÃO BERNARDO DO CAMPO,283,276,28300,ANDERSON CARNEIRO DA SILVA,1,1309
2020,15/11/2020,SP,70750,SÃO BERNARDO DO CAMPO,70750,SÃO BERNARDO DO CAMPO,283,283,28300,ANDERSON CARNEIRO DA SILVA,1,1198
2020,15/11/2020,SP,70750,SÃO BERNARDO DO CAMPO,70750,SÃO BERNARDO DO CAMPO,283,288,28300,ANDERSON CARNEIRO DA SILVA,1,1279
2020,15/11/2020,SP,70750,SÃO BERNARDO DO CAMPO,70750,SÃO BERNARDO DO CAMPO,283,295,28300,ANDERSON CARNEIRO DA SILVA,1,1198
2020,15/11/2020,SP,70750,SÃO BERNARDO DO CAMPO,70750,SÃO BERNARDO DO CAMPO,283,300,28300,ANDERSON CARNEIRO DA SILVA,1,1198
2020,15/11/2020,SP,70750,SÃO BERNARDO DO CAMPO,70750,SÃO BERNARDO DO CAMPO,283,305,28300,ANDERSON CARNEIRO DA SILVA,2,1309
2020,15/11/2020,SP,70750,SÃO BERNARDO DO CAMPO,70750,SÃO BERNARDO DO CAMPO,283,315,28300,ANDERSON CARNEIRO DA SILVA,2,1198
2020,15/11/2020,SP,70750,SÃO BERNARDO DO CAMPO,70750,SÃO BERNARDO DO CAMPO,283,317,28300,ANDERSON CARNEIRO DA SILVA,1,1341
2020,15/11/2020,SP,70750,SÃO BERNARDO DO CAMPO,70750,SÃO BERNARDO DO CAMPO,283,319,28300,ANDERSON CARNEIRO DA SILVA,1,1295
2020,15/11/2020,SP,70750,SÃO BERNARDO DO CAMPO,70750,SÃO BERNARDO DO CAMPO,283,322,28300,ANDERSON CARNEIRO DA SILVA,1,1333
2020,15/11/2020,SP,70750,SÃO BERNARDO DO CAMPO,70750,SÃO BERNARDO DO CAMPO,283,325,28300,ANDERSON CARNEIRO DA SILVA,5,1333
2020,15/11/2020,SP,70750,SÃO BERNARDO DO CAMPO,70750,SÃO BERNARDO DO CAMPO,283,326,28300,ANDERSON CARNEIRO DA SILVA,1,1341
2020,15/11/2020,SP,70750,SÃO BERNARDO DO CAMPO,70750,SÃO BERNARDO DO CAMPO,283,328,28300,ANDERSON CARNEIRO DA SILVA,2,1295
2020,15/11/2020,SP,70750,SÃO BERNARDO DO CAMPO,70750,SÃO BERNARDO DO CAMPO,283,331,28300,ANDERSON CARNEIRO DA SILVA,2,1333
2020,15/11/2020,SP,70750,SÃO BERNARDO DO CAMPO,70750,SÃO BERNARDO DO CAMPO,283,332,28300,ANDERSON CARNEIRO DA SILVA,2,1309
2020,15/11/2020,SP,70750,SÃO BERNARDO DO CAMPO,70750,SÃO BERNARDO DO CAMPO,283,333,28300,ANDERSON CARNEIRO DA SILVA,2,1279
2020,15/11/2020,SP,70750,SÃO BERNARDO DO CAMPO,70750,SÃO BERNARDO DO CAMPO,283,334,28300,ANDERSON CARNEIRO DA SILVA,1,1376
2020,15/11/2020,SP,70750,SÃO BERNARDO DO CAMPO,70750,SÃO BERNARDO DO CAMPO,283,339,28300,ANDERSON CARNEIRO DA SILVA,3,1333
2020,15/11/2020,SP,70750,SÃO BERNARDO DO CAMPO,70750,SÃO BERNARDO DO CAMPO,283,345,28300,ANDERSON CARNEIRO DA SILVA,1,1295
2020,15/11/2020,SP,70750,SÃO BERNARDO DO CAMPO,70750,SÃO BERNARDO DO CAMPO,283,349,28300,ANDERSON CARNEIRO DA SILVA,3,1333
2020,15/11/2020,SP,70750,SÃO BERNARDO DO CAMPO,70750,SÃO BERNARDO DO CAMPO,283,353,28300,ANDERSON CARNEIRO DA SILVA,1,1090
2020,15/11/2020,SP,70750,SÃO BERNARDO DO CAMPO,70750,SÃO BERNARDO DO CAMPO,283,356,28300,ANDERSON CARNEIRO DA SILVA,3,1333
2020,15/11/2020,SP,70750,SÃO BERNARDO DO CAMPO,70750,SÃO BERNARDO DO CAMPO,283,357,28300,ANDERSON CARNEIRO DA SILVA,1,1279
2020,15/11/2020,SP,70750,SÃO BERNARDO DO CAMPO,70750,SÃO BERNARDO DO CAMPO,283,361,28300,ANDERSON CARNEIRO DA SILVA,1,1279
2020,15/11/2020,SP,70750,SÃO BERNARDO DO CAMPO,70750,SÃO BERNARDO DO CAMPO,283,363,28300,ANDERSON CARNEIRO DA SILVA,1,1279
2020,15/11/2020,SP,70750,SÃO BERNARDO DO CAMPO,70750,SÃO BERNARDO DO CAMPO,283,364,28300,ANDERSON CARNEIRO DA SILVA,1,1341
2020,15/11/2020,SP,70750,SÃO BERNARDO DO CAMPO,70750,SÃO BERNARDO DO CAMPO,283,375,28300,ANDERSON CARNEIRO DA SILVA,1,1082
2020,15/11/2020,SP,70750,SÃO BERNARDO DO CAMPO,70750,SÃO BERNARDO DO CAMPO,284,7,28300,ANDERSON CARNEIRO DA SILVA,1,1015
2020,15/11/2020,SP,70750,SÃO BERNARDO DO CAMPO,70750,SÃO BERNARDO DO CAMPO,284,20,28300,ANDERSON CARNEIRO DA SILVA,1,1023
2020,15/11/2020,SP,70750,SÃO BERNARDO DO CAMPO,70750,SÃO BERNARDO DO CAMPO,284,53,28300,ANDERSON CARNEIRO DA SILVA,1,1058
2020,15/11/2020,SP,70750,SÃO BERNARDO DO CAMPO,70750,SÃO BERNARDO DO CAMPO,284,83,28300,ANDERSON CARNEIRO DA SILVA,1,1082
2020,15/11/2020,SP,70750,SÃO BERNARDO DO CAMPO,70750,SÃO BERNARDO DO CAMPO,284,84,28300,ANDERSON CARNEIRO DA SILVA,1,1082
2020,15/11/2020,SP,70750,SÃO BERNARDO DO CAMPO,70750,SÃO BERNARDO DO CAMPO,284,93,28300,ANDERSON CARNEIRO DA SILVA,2,1082
2020,15/11/2020,SP,70750,SÃO BERNARDO DO CAMPO,70750,SÃO BERNARDO DO CAMPO,284,98,28300,ANDERSON CARNEIRO DA SILVA,1,1082
2020,15/11/2020,SP,70750,SÃO BERNARDO DO CAMPO,70750,SÃO BERNARDO DO CAMPO,284,108,28300,ANDERSON CARNEIRO DA SILVA,1,1090
2020,15/11/2020,SP,70750,SÃO BERNARDO DO CAMPO,70750,SÃO BERNARDO DO CAMPO,284,109,28300,ANDERSON CARNEIRO DA SILVA,1,1090
2020,15/11/2020,SP,70750,SÃO BERNARDO DO CAMPO,70750,SÃO BERNARDO DO CAMPO,284,114,28300,ANDERSON CARNEIRO DA SILVA,1,1090
2020,15/11/2020,SP,70750,SÃO BERNARDO DO CAMPO,70750,SÃO BERNARDO DO CAMPO,284,115,28300,ANDERSON CARNEIRO DA SILVA,1,1090
2020,15/11/2020,SP,70750,SÃO BERNARDO DO CAMPO,70750,SÃO BERNARDO DO CAMPO,284,116,28300,ANDERSON CARNEIRO DA SILVA,1,1090
2020,15/11/2020,SP,70750,SÃO BERNARDO DO CAMPO,70750,SÃO BERNARDO DO CAMPO,284,119,28300,ANDERSON CARNEIRO DA SILVA,3,1090
2020,15/11/2020,SP,70750,SÃO BERNARDO DO CAMPO,70750,SÃO BERNARDO DO CAMPO,284,121,28300,ANDERSON CARNEIRO DA SILVA,2,1090
2020,15/11/2020,SP,70750,SÃO BERNARDO DO CAMPO,70750,SÃO BERNARDO DO CAMPO,284,123,28300,ANDERSON CARNEIRO DA SILVA,2,1090
2020,15/11/2020,SP,70750,SÃO BERNARDO DO CAMPO,70750,SÃO BERNARDO DO CAMPO,284,130,28300,ANDERSON CARNEIRO DA SILVA,1,1104
2020,15/11/2020,SP,70750,SÃO BERNARDO DO CAMPO,70750,SÃO BERNARDO DO CAMPO,284,133,28300,ANDERSON CARNEIRO DA SILVA,1,1104
2020,15/11/2020,SP,70750,SÃO BERNARDO DO CAMPO,70750,SÃO BERNARDO DO CAMPO,284,141,28300,ANDERSON CARNEIRO DA SILVA,1,1104
2020,15/11/2020,SP,70750,SÃO BERNARDO DO CAMPO,70750,SÃO BERNARDO DO CAMPO,284,142,28300,ANDERSON CARNEIRO DA SILVA,1,1066
2020,15/11/2020,SP,70750,SÃO BERNARDO DO CAMPO,70750,SÃO BERNARDO DO CAMPO,284,151,28300,ANDERSON CARNEIRO DA SILVA,2,1120
2020,15/11/2020,SP,70750,SÃO BERNARDO DO CAMPO,70750,SÃO BERNARDO DO CAMPO,284,158,28300,ANDERSON CARNEIRO DA SILVA,3,1066
2020,15/11/2020,SP,70750,SÃO BERNARDO DO CAMPO,70750,SÃO BERNARDO DO CAMPO,284,168,28300,ANDERSON CARNEIRO DA SILVA,1,1112
2020,15/11/2020,SP,70750,SÃO BERNARDO DO CAMPO,70750,SÃO BERNARDO DO CAMPO,284,170,28300,ANDERSON CARNEIRO DA SILVA,3,1120
2020,15/11/2020,SP,70750,SÃO BERNARDO DO CAMPO,70750,SÃO BERNARDO DO CAMPO,284,173,28300,ANDERSON CARNEIRO DA SILVA,1,1120
2020,15/11/2020,SP,70750,SÃO BERNARDO DO CAMPO,70750,SÃO BERNARDO DO CAMPO,284,177,28300,ANDERSON CARNEIRO DA SILVA,1,1066
2020,15/11/2020,SP,70750,SÃO BERNARDO DO CAMPO,70750,SÃO BERNARDO DO CAMPO,284,179,28300,ANDERSON CARNEIRO DA SILVA,1,1040
2020,15/11/2020,SP,70750,SÃO BERNARDO DO CAMPO,70750,SÃO BERNARDO DO CAMPO,284,180,28300,ANDERSON CARNEIRO DA SILVA,1,1120
2020,15/11/2020,SP,70750,SÃO BERNARDO DO CAMPO,70750,SÃO BERNARDO DO CAMPO,284,182,28300,ANDERSON CARNEIRO DA SILVA,1,1104
2020,15/11/2020,SP,70750,SÃO BERNARDO DO CAMPO,70750,SÃO BERNARDO DO CAMPO,284,189,28300,ANDERSON CARNEIRO DA SILVA,1,1120
2020,15/11/2020,SP,70750,SÃO BERNARDO DO CAMPO,70750,SÃO BERNARDO DO CAMPO,284,192,28300,ANDERSON CARNEIRO DA SILVA,1,1066
2020,15/11/2020,SP,70750,SÃO BERNARDO DO CAMPO,70750,SÃO BERNARDO DO CAMPO,284,202,28300,ANDERSON CARNEIRO DA SILVA,2,1210
2020,15/11/2020,SP,70750,SÃO BERNARDO DO CAMPO,70750,SÃO BERNARDO DO CAMPO,284,207,28300,ANDERSON CARNEIRO DA SILVA,1,1236
2020,15/11/2020,SP,70750,SÃO BERNARDO DO CAMPO,70750,SÃO BERNARDO DO CAMPO,284,212,28300,ANDERSON CARNEIRO DA SILVA,1,1210
2020,15/11/2020,SP,70750,SÃO BERNARDO DO CAMPO,70750,SÃO BERNARDO DO CAMPO,284,215,28300,ANDERSON CARNEIRO DA SILVA,1,1236
2020,15/11/2020,SP,70750,SÃO BERNARDO DO CAMPO,70750,SÃO BERNARDO DO CAMPO,284,217,28300,ANDERSON CARNEIRO DA SILVA,2,1228
2020,15/11/2020,SP,70750,SÃO BERNARDO DO CAMPO,70750,SÃO BERNARDO DO CAMPO,284,220,28300,ANDERSON CARNEIRO DA SILVA,1,1228
2020,15/11/2020,SP,70750,SÃO BERNARDO DO CAMPO,70750,SÃO BERNARDO DO CAMPO,284,222,28300,ANDERSON CARNEIRO DA SILVA,1,1210
2020,15/11/2020,SP,70750,SÃO BERNARDO DO CAMPO,70750,SÃO BERNARDO DO CAMPO,284,223,28300,ANDERSON CARNEIRO DA SILVA,1,1066
2020,15/11/2020,SP,70750,SÃO BERNARDO DO CAMPO,70750,SÃO BERNARDO DO CAMPO,284,227,28300,ANDERSON CARNEIRO DA SILVA,1,1120
2020,15/11/2020,SP,70750,SÃO BERNARDO DO CAMPO,70750,SÃO BERNARDO DO CAMPO,284,229,28300,ANDERSON CARNEIRO DA SILVA,1,1210
2020,15/11/2020,SP,70750,SÃO BERNARDO DO CAMPO,70750,SÃO BERNARDO DO CAMPO,284,234,28300,ANDERSON CARNEIRO DA SILVA,2,1210
2020,15/11/2020,SP,70750,SÃO BERNARDO DO CAMPO,70750,SÃO BERNARDO DO CAMPO,284,237,28300,ANDERSON CARNEIRO DA SILVA,2,1201
2020,15/11/2020,SP,70750,SÃO BERNARDO DO CAMPO,70750,SÃO BERNARDO DO CAMPO,296,2,28300,ANDERSON CARNEIRO DA SILVA,1,1015
2020,15/11/2020,SP,70750,SÃO BERNARDO DO CAMPO,70750,SÃO BERNARDO DO CAMPO,296,6,28300,ANDERSON CARNEIRO DA SILVA,1,1015
2020,15/11/2020,SP,70750,SÃO BERNARDO DO CAMPO,70750,SÃO BERNARDO DO CAMPO,296,8,28300,ANDERSON CARNEIRO DA SILVA,1,1015
2020,15/11/2020,SP,70750,SÃO BERNARDO DO CAMPO,70750,SÃO BERNARDO DO CAMPO,296,11,28300,ANDERSON CARNEIRO DA SILVA,1,1023
2020,15/11/2020,SP,70750,SÃO BERNARDO DO CAMPO,70750,SÃO BERNARDO DO CAMPO,296,12,28300,ANDERSON CARNEIRO DA SILVA,1,1023
2020,15/11/2020,SP,70750,SÃO BERNARDO DO CAMPO,70750,SÃO BERNARDO DO CAMPO,296,16,28300,ANDERSON CARNEIRO DA SILVA,2,1023
2020,15/11/2020,SP,70750,SÃO BERNARDO DO CAMPO,70750,SÃO BERNARDO DO CAMPO,296,17,28300,ANDERSON CARNEIRO DA SILVA,1,1023
2020,15/11/2020,SP,70750,SÃO BERNARDO DO CAMPO,70750,SÃO BERNARDO DO CAMPO,296,31,28300,ANDERSON CARNEIRO DA SILVA,1,1031
2020,15/11/2020,SP,70750,SÃO BERNARDO DO CAMPO,70750,SÃO BERNARDO DO CAMPO,296,37,28300,ANDERSON CARNEIRO DA SILVA,1,1040
2020,15/11/2020,SP,70750,SÃO BERNARDO DO CAMPO,70750,SÃO BERNARDO DO CAMPO,296,38,28300,ANDERSON CARNEIRO DA SILVA,1,1040
2020,15/11/2020,SP,70750,SÃO BERNARDO DO CAMPO,70750,SÃO BERNARDO DO CAMPO,296,39,28300,ANDERSON CARNEIRO DA SILVA,1,1040
2020,15/11/2020,SP,70750,SÃO BERNARDO DO CAMPO,70750,SÃO BERNARDO DO CAMPO,296,40,28300,ANDERSON CARNEIRO DA SILVA,1,1040
2020,15/11/2020,SP,70750,SÃO BERNARDO DO CAMPO,70750,SÃO BERNARDO DO CAMPO,296,44,28300,ANDERSON CARNEIRO DA SILVA,2,1040
2020,15/11/2020,SP,70750,SÃO BERNARDO DO CAMPO,70750,SÃO BERNARDO DO CAMPO,296,45,28300,ANDERSON CARNEIRO DA SILVA,2,1040
2020,15/11/2020,SP,70750,SÃO BERNARDO DO CAMPO,70750,SÃO BERNARDO DO CAMPO,296,48,28300,ANDERSON CARNEIRO DA SILVA,1,1058
2020,15/11/2020,SP,70750,SÃO BERNARDO DO CAMPO,70750,SÃO BERNARDO DO CAMPO,296,50,28300,ANDERSON CARNEIRO DA SILVA,1,1058
2020,15/11/2020,SP,70750,SÃO BERNARDO DO CAMPO,70750,SÃO BERNARDO DO CAMPO,296,52,28300,ANDERSON CARNEIRO DA SILVA,1,1058
2020,15/11/2020,SP,70750,SÃO BERNARDO DO CAMPO,70750,SÃO BERNARDO DO CAMPO,296,55,28300,ANDERSON CARNEIRO DA SILVA,1,1066
2020,15/11/2020,SP,70750,SÃO BERNARDO DO CAMPO,70750,SÃO BERNARDO DO CAMPO,296,58,28300,ANDERSON CARNEIRO DA SILVA,1,1066
2020,15/11/2020,SP,70750,SÃO BERNARDO DO CAMPO,70750,SÃO BERNARDO DO CAMPO,296,65,28300,ANDERSON CARNEIRO DA SILVA,1,1074
2020,15/11/2020,SP,70750,SÃO BERNARDO DO CAMPO,70750,SÃO BERNARDO DO CAMPO,296,67,28300,ANDERSON CARNEIRO DA SILVA,1,1074
2020,15/11/2020,SP,70750,SÃO BERNARDO DO CAMPO,70750,SÃO BERNARDO DO CAMPO,296,71,28300,ANDERSON CARNEIRO DA SILVA,1,1074
2020,15/11/2020,SP,70750,SÃO BERNARDO DO CAMPO,70750,SÃO BERNARDO DO CAMPO,296,72,28300,ANDERSON CARNEIRO DA SILVA,1,1074
2020,15/11/2020,SP,70750,SÃO BERNARDO DO CAMPO,70750,SÃO BERNARDO DO CAMPO,296,76,28300,ANDERSON CARNEIRO DA SILVA,4,1082
2020,15/11/2020,SP,70750,SÃO BERNARDO DO CAMPO,70750,SÃO BERNARDO DO CAMPO,296,77,28300,ANDERSON CARNEIRO DA SILVA,3,1082
2020,15/11/2020,SP,70750,SÃO BERNARDO DO CAMPO,70750,SÃO BERNARDO DO CAMPO,296,78,28300,ANDERSON CARNEIRO DA SILVA,2,1082
2020,15/11/2020,SP,70750,SÃO BERNARDO DO CAMPO,70750,SÃO BERNARDO DO CAMPO,296,79,28300,ANDERSON CARNEIRO DA SILVA,2,1082
2020,15/11/2020,SP,70750,SÃO BERNARDO DO CAMPO,70750,SÃO BERNARDO DO CAMPO,296,80,28300,ANDERSON CARNEIRO DA SILVA,5,1082
2020,15/11/2020,SP,70750,SÃO BERNARDO DO CAMPO,70750,SÃO BERNARDO DO CAMPO,296,81,28300,ANDERSON CARNEIRO DA SILVA,1,1082
2020,15/11/2020,SP,70750,SÃO BERNARDO DO CAMPO,70750,SÃO BERNARDO DO CAMPO,296,82,28300,ANDERSON CARNEIRO DA SILVA,4,1082
2020,15/11/2020,SP,70750,SÃO BERNARDO DO CAMPO,70750,SÃO BERNARDO DO CAMPO,296,83,28300,ANDERSON CARNEIRO DA SILVA,2,1082
2020,15/11/2020,SP,70750,SÃO BERNARDO DO CAMPO,70750,SÃO BERNARDO DO CAMPO,296,92,28300,ANDERSON CARNEIRO DA SILVA,1,1104
2020,15/11/2020,SP,70750,SÃO BERNARDO DO CAMPO,70750,SÃO BERNARDO DO CAMPO,296,96,28300,ANDERSON CARNEIRO DA SILVA,1,1112
2020,15/11/2020,SP,70750,SÃO BERNARDO DO CAMPO,70750,SÃO BERNARDO DO CAMPO,296,99,28300,ANDERSON CARNEIRO DA SILVA,1,1112
2020,15/11/2020,SP,70750,SÃO BERNARDO DO CAMPO,70750,SÃO BERNARDO DO CAMPO,296,100,28300,ANDERSON CARNEIRO DA SILVA,1,1112
2020,15/11/2020,SP,70750,SÃO BERNARDO DO CAMPO,70750,SÃO BERNARDO DO CAMPO,296,103,28300,ANDERSON CARNEIRO DA SILVA,1,1112
2020,15/11/2020,SP,70750,SÃO BERNARDO DO CAMPO,70750,SÃO BERNARDO DO CAMPO,296,104,28300,ANDERSON CARNEIRO DA SILVA,1,1120
2020,15/11/2020,SP,70750,SÃO BERNARDO DO CAMPO,70750,SÃO BERNARDO DO CAMPO,296,105,28300,ANDERSON CARNEIRO DA SILVA,1,1120
2020,15/11/2020,SP,70750,SÃO BERNARDO DO CAMPO,70750,SÃO BERNARDO DO CAMPO,296,106,28300,ANDERSON CARNEIRO DA SILVA,1,1120
2020,15/11/2020,SP,70750,SÃO BERNARDO DO CAMPO,70750,SÃO BERNARDO DO CAMPO,296,107,28300,ANDERSON CARNEIRO DA SILVA,3,1120
2020,15/11/2020,SP,70750,SÃO BERNARDO DO CAMPO,70750,SÃO BERNARDO DO CAMPO,296,108,28300,ANDERSON CARNEIRO DA SILVA,3,1120
2020,15/11/2020,SP,70750,SÃO BERNARDO DO CAMPO,70750,SÃO BERNARDO DO CAMPO,296,109,28300,ANDERSON CARNEIRO DA SILVA,3,1120
2020,15/11/2020,SP,70750,SÃO BERNARDO DO CAMPO,70750,SÃO BERNARDO DO CAMPO,296,190,28300,ANDERSON CARNEIRO DA SILVA,1,1082
2020,15/11/2020,SP,70750,SÃO BERNARDO DO CAMPO,70750,SÃO BERNARDO DO CAMPO,296,191,28300,ANDERSON CARNEIRO DA SILVA,1,1120
2020,15/11/2020,SP,70750,SÃO BERNARDO DO CAMPO,70750,SÃO BERNARDO DO CAMPO,296,205,28300,ANDERSON CARNEIRO DA SILVA,3,1082
2020,15/11/2020,SP,70750,SÃO BERNARDO DO CAMPO,70750,SÃO BERNARDO DO CAMPO,296,206,28300,ANDERSON CARNEIRO DA SILVA,1,1104
2020,15/11/2020,SP,70750,SÃO BERNARDO DO CAMPO,70750,SÃO BERNARDO DO CAMPO,296,226,28300,ANDERSON CARNEIRO DA SILVA,2,1120
2020,15/11/2020,SP,70750,SÃO BERNARDO DO CAMPO,70750,SÃO BERNARDO DO CAMPO,296,240,28300,ANDERSON CARNEIRO DA SILVA,1,1309
2020,15/11/2020,SP,70750,SÃO BERNARDO DO CAMPO,70750,SÃO BERNARDO DO CAMPO,296,246,28300,ANDERSON CARNEIRO DA SILVA,3,1309
2020,15/11/2020,SP,70750,SÃO BERNARDO DO CAMPO,70750,SÃO BERNARDO DO CAMPO,296,253,28300,ANDERSON CARNEIRO DA SILVA,4,1309
2020,15/11/2020,SP,70750,SÃO BERNARDO DO CAMPO,70750,SÃO BERNARDO DO CAMPO,296,258,28300,ANDERSON CARNEIRO DA SILVA,2,1309
2020,15/11/2020,SP,70750,SÃO BERNARDO DO CAMPO,70750,SÃO BERNARDO DO CAMPO,296,267,28300,ANDERSON CARNEIRO DA SILVA,2,1074
2020,15/11/2020,SP,70750,SÃO BERNARDO DO CAMPO,70750,SÃO BERNARDO DO CAMPO,296,270,28300,ANDERSON CARNEIRO DA SILVA,3,1309
2020,15/11/2020,SP,70750,SÃO BERNARDO DO CAMPO,70750,SÃO BERNARDO DO CAMPO,296,277,28300,ANDERSON CARNEIRO DA SILVA,2,1309
2020,15/11/2020,SP,70750,SÃO BERNARDO DO CAMPO,70750,SÃO BERNARDO DO CAMPO,296,287,28300,ANDERSON CARNEIRO DA SILVA,1,1325
2020,15/11/2020,SP,70750,SÃO BERNARDO DO CAMPO,70750,SÃO BERNARDO DO CAMPO,296,292,28300,ANDERSON CARNEIRO DA SILVA,4,1309
2020,15/11/2020,SP,70750,SÃO BERNARDO DO CAMPO,70750,SÃO BERNARDO DO CAMPO,296,298,28300,ANDERSON CARNEIRO DA SILVA,3,1040
2020,15/11/2020,SP,70750,SÃO BERNARDO DO CAMPO,70750,SÃO BERNARDO DO CAMPO,296,299,28300,ANDERSON CARNEIRO DA SILVA,4,1112
2020,15/11/2020,SP,70750,SÃO BERNARDO DO CAMPO,70750,SÃO BERNARDO DO CAMPO,296,304,28300,ANDERSON CARNEIRO DA SILVA,1,1090
2020,15/11/2020,SP,70750,SÃO BERNARDO DO CAMPO,70750,SÃO BERNARDO DO CAMPO,296,305,28300,ANDERSON CARNEIRO DA SILVA,9,1082
2020,15/11/2020,SP,70750,SÃO BERNARDO DO CAMPO,70750,SÃO BERNARDO DO CAMPO,296,315,28300,ANDERSON CARNEIRO DA SILVA,1,1120
2020,15/11/2020,SP,70750,SÃO BERNARDO DO CAMPO,70750,SÃO BERNARDO DO CAMPO,296,316,28300,ANDERSON CARNEIRO DA SILVA,1,1104
2020,15/11/2020,SP,70750,SÃO BERNARDO DO CAMPO,70750,SÃO BERNARDO DO CAMPO,296,320,28300,ANDERSON CARNEIRO DA SILVA,3,1309
2020,15/11/2020,SP,70750,SÃO BERNARDO DO CAMPO,70750,SÃO BERNARDO DO CAMPO,296,326,28300,ANDERSON CARNEIRO DA SILVA,2,1457
2020,15/11/2020,SP,70750,SÃO BERNARDO DO CAMPO,70750,SÃO BERNARDO DO CAMPO,296,328,28300,ANDERSON CARNEIRO DA SILVA,1,1430
2020,15/11/2020,SP,70750,SÃO BERNARDO DO CAMPO,70750,SÃO BERNARDO DO CAMPO,296,334,28300,ANDERSON CARNEIRO DA SILVA,1,1058
2020,15/11/2020,SP,70750,SÃO BERNARDO DO CAMPO,70750,SÃO BERNARDO DO CAMPO,296,337,28300,ANDERSON CARNEIRO DA SILVA,1,1309
2020,15/11/2020,SP,70750,SÃO BERNARDO DO CAMPO,70750,SÃO BERNARDO DO CAMPO,296,338,28300,ANDERSON CARNEIRO DA SILVA,2,1457
2020,15/11/2020,SP,70750,SÃO BERNARDO DO CAMPO,70750,SÃO BERNARDO DO CAMPO,296,341,28300,ANDERSON CARNEIRO DA SILVA,1,1341
2020,15/11/2020,SP,70750,SÃO BERNARDO DO CAMPO,70750,SÃO BERNARDO DO CAMPO,296,342,28300,ANDERSON CARNEIRO DA SILVA,1,1317
2020,15/11/2020,SP,70750,SÃO BERNARDO DO CAMPO,70750,SÃO BERNARDO DO CAMPO,296,347,28300,ANDERSON CARNEIRO DA SILVA,1,1309
2020,15/11/2020,SP,70750,SÃO BERNARDO DO CAMPO,70750,SÃO BERNARDO DO CAMPO,296,349,28300,ANDERSON CARNEIRO DA SILVA,2,1090
2020,15/11/2020,SP,70750,SÃO BERNARDO DO CAMPO,70750,SÃO BERNARDO DO CAMPO,296,350,28300,ANDERSON CARNEIRO DA SILVA,1,1058
2020,15/11/2020,SP,70750,SÃO BERNARDO DO CAMPO,70750,SÃO BERNARDO DO CAMPO,296,351,28300,ANDERSON CARNEIRO DA SILVA,3,1120
2020,15/11/2020,SP,70750,SÃO BERNARDO DO CAMPO,70750,SÃO BERNARDO DO CAMPO,296,357,28300,ANDERSON CARNEIRO DA SILVA,2,1317
2020,15/11/2020,SP,70750,SÃO BERNARDO DO CAMPO,70750,SÃO BERNARDO DO CAMPO,296,358,28300,ANDERSON CARNEIRO DA SILVA,2,1309
2020,15/11/2020,SP,70750,SÃO BERNARDO DO CAMPO,70750,SÃO BERNARDO DO CAMPO,296,359,28300,ANDERSON CARNEIRO DA SILVA,4,1457
2020,15/11/2020,SP,70750,SÃO BERNARDO DO CAMPO,70750,SÃO BERNARDO DO CAMPO,296,365,28300,ANDERSON CARNEIRO DA SILVA,1,1058
2020,15/11/2020,SP,70750,SÃO BERNARDO DO CAMPO,70750,SÃO BERNARDO DO CAMPO,296,366,28300,ANDERSON CARNEIRO DA SILVA,5,1082
2020,15/11/2020,SP,70750,SÃO BERNARDO DO CAMPO,70750,SÃO BERNARDO DO CAMPO,296,367,28300,ANDERSON CARNEIRO DA SILVA,2,1325
2020,15/11/2020,SP,70750,SÃO BERNARDO DO CAMPO,70750,SÃO BERNARDO DO CAMPO,296,370,28300,ANDERSON CARNEIRO DA SILVA,1,1457
2020,15/11/2020,SP,70750,SÃO BERNARDO DO CAMPO,70750,SÃO BERNARDO DO CAMPO,296,371,28300,ANDERSON CARNEIRO DA SILVA,1,1120
2020,15/11/2020,SP,70750,SÃO BERNARDO DO CAMPO,70750,SÃO BERNARDO DO CAMPO,296,374,28300,ANDERSON CARNEIRO DA SILVA,1,1120
2020,15/11/2020,SP,70750,SÃO BERNARDO DO CAMPO,70750,SÃO BERNARDO DO CAMPO,296,376,28300,ANDERSON CARNEIRO DA SILVA,1,1333
2020,15/11/2020,SP,70750,SÃO BERNARDO DO CAMPO,70750,SÃO BERNARDO DO CAMPO,296,378,28300,ANDERSON CARNEIRO DA SILVA,2,1465
2020,15/11/2020,SP,70750,SÃO BERNARDO DO CAMPO,70750,SÃO BERNARDO DO CAMPO,296,381,28300,ANDERSON CARNEIRO DA SILVA,2,1457
2020,15/11/2020,SP,70750,SÃO BERNARDO DO CAMPO,70750,SÃO BERNARDO DO CAMPO,296,383,28300,ANDERSON CARNEIRO DA SILVA,3,1465
2020,15/11/2020,SP,70750,SÃO BERNARDO DO CAMPO,70750,SÃO BERNARDO DO CAMPO,296,388,28300,ANDERSON CARNEIRO DA SILVA,2,1465
2020,15/11/2020,SP,70750,SÃO BERNARDO DO CAMPO,70750,SÃO BERNARDO DO CAMPO,296,389,28300,ANDERSON CARNEIRO DA SILVA,1,1317
2020,15/11/2020,SP,70750,SÃO BERNARDO DO CAMPO,70750,SÃO BERNARDO DO CAMPO,296,390,28300,ANDERSON CARNEIRO DA SILVA,1,1457
2020,15/11/2020,SP,70750,SÃO BERNARDO DO CAMPO,70750,SÃO BERNARDO DO CAMPO,296,394,28300,ANDERSON CARNEIRO DA SILVA,3,1465
2020,15/11/2020,SP,70750,SÃO BERNARDO DO CAMPO,70750,SÃO BERNARDO DO CAMPO,296,397,28300,ANDERSON CARNEIRO DA SILVA,3,1465
2020,15/11/2020,SP,70750,SÃO BERNARDO DO CAMPO,70750,SÃO BERNARDO DO CAMPO,296,398,28300,ANDERSON CARNEIRO DA SILVA,1,1490
2020,15/11/2020,SP,70750,SÃO BERNARDO DO CAMPO,70750,SÃO BERNARDO DO CAMPO,296,402,28300,ANDERSON CARNEIRO DA SILVA,1,1341
2020,15/11/2020,SP,70750,SÃO BERNARDO DO CAMPO,70750,SÃO BERNARDO DO CAMPO,296,405,28300,ANDERSON CARNEIRO DA SILVA,1,1090
2020,15/11/2020,SP,70750,SÃO BERNARDO DO CAMPO,70750,SÃO BERNARDO DO CAMPO,296,406,28300,ANDERSON CARNEIRO DA SILVA,4,1465
2020,15/11/2020,SP,70750,SÃO BERNARDO DO CAMPO,70750,SÃO BERNARDO DO CAMPO,296,408,28300,ANDERSON CARNEIRO DA SILVA,1,1490
2020,15/11/2020,SP,70750,SÃO BERNARDO DO CAMPO,70750,SÃO BERNARDO DO CAMPO,296,410,28300,ANDERSON CARNEIRO DA SILVA,3,1465
2020,15/11/2020,SP,70750,SÃO BERNARDO DO CAMPO,70750,SÃO BERNARDO DO CAMPO,296,412,28300,ANDERSON CARNEIRO DA SILVA,2,1457
2020,15/11/2020,SP,70750,SÃO BERNARDO DO CAMPO,70750,SÃO BERNARDO DO CAMPO,296,413,28300,ANDERSON CARNEIRO DA SILVA,3,1465
2020,15/11/2020,SP,70750,SÃO BERNARDO DO CAMPO,70750,SÃO BERNARDO DO CAMPO,296,415,28300,ANDERSON CARNEIRO DA SILVA,4,1465
2020,15/11/2020,SP,70750,SÃO BERNARDO DO CAMPO,70750,SÃO BERNARDO DO CAMPO,296,416,28300,ANDERSON CARNEIRO DA SILVA,1,1481
2020,15/11/2020,SP,70750,SÃO BERNARDO DO CAMPO,70750,SÃO BERNARDO DO CAMPO,296,419,28300,ANDERSON CARNEIRO DA SILVA,3,1457
2020,15/11/2020,SP,70750,SÃO BERNARDO DO CAMPO,70750,SÃO BERNARDO DO CAMPO,296,420,28300,ANDERSON CARNEIRO DA SILVA,1,1465
2020,15/11/2020,SP,70750,SÃO BERNARDO DO CAMPO,70750,SÃO BERNARDO DO CAMPO,296,421,28300,ANDERSON CARNEIRO DA SILVA,1,1481
2020,15/11/2020,SP,70750,SÃO BERNARDO DO CAMPO,70750,SÃO BERNARDO DO CAMPO,296,425,28300,ANDERSON CARNEIRO DA SILVA,3,1465
2020,15/11/2020,SP,70750,SÃO BERNARDO DO CAMPO,70750,SÃO BERNARDO DO CAMPO,296,426,28300,ANDERSON CARNEIRO DA SILVA,1,1341
2020,15/11/2020,SP,70750,SÃO BERNARDO DO CAMPO,70750,SÃO BERNARDO DO CAMPO,296,427,28300,ANDERSON CARNEIRO DA SILVA,5,1457
2020,15/11/2020,SP,70750,SÃO BERNARDO DO CAMPO,70750,SÃO BERNARDO DO CAMPO,296,429,28300,ANDERSON CARNEIRO DA SILVA,3,1465
2020,15/11/2020,SP,70750,SÃO BERNARDO DO CAMPO,70750,SÃO BERNARDO DO CAMPO,296,430,28300,ANDERSON CARNEIRO DA SILVA,1,1481
2020,15/11/2020,SP,70750,SÃO BERNARDO DO CAMPO,70750,SÃO BERNARDO DO CAMPO,296,432,28300,ANDERSON CARNEIRO DA SILVA,1,1562
2020,15/11/2020,SP,70750,SÃO BERNARDO DO CAMPO,70750,SÃO BERNARDO DO CAMPO,296,435,28300,ANDERSON CARNEIRO DA SILVA,2,1465
2020,15/11/2020,SP,70750,SÃO BERNARDO DO CAMPO,70750,SÃO BERNARDO DO CAMPO,296,437,28300,ANDERSON CARNEIRO DA SILVA,1,1481
2020,15/11/2020,SP,70750,SÃO BERNARDO DO CAMPO,70750,SÃO BERNARDO DO CAMPO,296,443,28300,ANDERSON CARNEIRO DA SILVA,2,1465
2020,15/11/2020,SP,70750,SÃO BERNARDO DO CAMPO,70750,SÃO BERNARDO DO CAMPO,296,446,28300,ANDERSON CARNEIRO DA SILVA,1,1481
2020,15/11/2020,SP,70750,SÃO BERNARDO DO CAMPO,70750,SÃO BERNARDO DO CAMPO,296,448,28300,ANDERSON CARNEIRO DA SILVA,2,1490
2020,15/11/2020,SP,70750,SÃO BERNARDO DO CAMPO,70750,SÃO BERNARDO DO CAMPO,296,452,28300,ANDERSON CARNEIRO DA SILVA,2,1481
2020,15/11/2020,SP,70750,SÃO BERNARDO DO CAMPO,70750,SÃO BERNARDO DO CAMPO,296,456,28300,ANDERSON CARNEIRO DA SILVA,1,1490
2020,15/11/2020,SP,70750,SÃO BERNARDO DO CAMPO,70750,SÃO BERNARDO DO CAMPO,296,462,28300,ANDERSON CARNEIRO DA SILVA,2,1597
2020,15/11/2020,SP,70750,SÃO BERNARDO DO CAMPO,70750,SÃO BERNARDO DO CAMPO,296,465,28300,ANDERSON CARNEIRO DA SILVA,1,1481
2020,15/11/2020,SP,70750,SÃO BERNARDO DO CAMPO,70750,SÃO BERNARDO DO CAMPO,296,468,28300,ANDERSON CARNEIRO DA SILVA,2,1597
2020,15/11/2020,SP,70750,SÃO BERNARDO DO CAMPO,70750,SÃO BERNARDO DO CAMPO,296,469,28300,ANDERSON CARNEIRO DA SILVA,2,1570
2020,15/11/2020,SP,70750,SÃO BERNARDO DO CAMPO,70750,SÃO BERNARDO DO CAMPO,409,1,28300,ANDERSON CARNEIRO DA SILVA,1,1015
2020,15/11/2020,SP,70750,SÃO BERNARDO DO CAMPO,70750,SÃO BERNARDO DO CAMPO,409,3,28300,ANDERSON CARNEIRO DA SILVA,1,1015
2020,15/11/2020,SP,70750,SÃO BERNARDO DO CAMPO,70750,SÃO BERNARDO DO CAMPO,409,5,28300,ANDERSON CARNEIRO DA SILVA,2,1015
2020,15/11/2020,SP,70750,SÃO BERNARDO DO CAMPO,70750,SÃO BERNARDO DO CAMPO,409,6,28300,ANDERSON CARNEIRO DA SILVA,3,1023
2020,15/11/2020,SP,70750,SÃO BERNARDO DO CAMPO,70750,SÃO BERNARDO DO CAMPO,409,7,28300,ANDERSON CARNEIRO DA SILVA,4,1023
2020,15/11/2020,SP,70750,SÃO BERNARDO DO CAMPO,70750,SÃO BERNARDO DO CAMPO,409,8,28300,ANDERSON CARNEIRO DA SILVA,1,1023
2020,15/11/2020,SP,70750,SÃO BERNARDO DO CAMPO,70750,SÃO BERNARDO DO CAMPO,409,9,28300,ANDERSON CARNEIRO DA SILVA,3,1023
2020,15/11/2020,SP,70750,SÃO BERNARDO DO CAMPO,70750,SÃO BERNARDO DO CAMPO,409,10,28300,ANDERSON CARNEIRO DA SILVA,2,1023
2020,15/11/2020,SP,70750,SÃO BERNARDO DO CAMPO,70750,SÃO BERNARDO DO CAMPO,409,11,28300,ANDERSON CARNEIRO DA SILVA,2,1023
2020,15/11/2020,SP,70750,SÃO BERNARDO DO CAMPO,70750,SÃO BERNARDO DO CAMPO,409,12,28300,ANDERSON CARNEIRO DA SILVA,2,1023
2020,15/11/2020,SP,70750,SÃO BERNARDO DO CAMPO,70750,SÃO BERNARDO DO CAMPO,409,13,28300,ANDERSON CARNEIRO DA SILVA,2,1023
2020,15/11/2020,SP,70750,SÃO BERNARDO DO CAMPO,70750,SÃO BERNARDO DO CAMPO,409,14,28300,ANDERSON CARNEIRO DA SILVA,1,1023
2020,15/11/2020,SP,70750,SÃO BERNARDO DO CAMPO,70750,SÃO BERNARDO DO CAMPO,409,15,28300,ANDERSON CARNEIRO DA SILVA,3,1023
2020,15/11/2020,SP,70750,SÃO BERNARDO DO CAMPO,70750,SÃO BERNARDO DO CAMPO,409,16,28300,ANDERSON CARNEIRO DA SILVA,1,1023
2020,15/11/2020,SP,70750,SÃO BERNARDO DO CAMPO,70750,SÃO BERNARDO DO CAMPO,409,17,28300,ANDERSON CARNEIRO DA SILVA,1,1023
2020,15/11/2020,SP,70750,SÃO BERNARDO DO CAMPO,70750,SÃO BERNARDO DO CAMPO,409,27,28300,ANDERSON CARNEIRO DA SILVA,1,1031
2020,15/11/2020,SP,70750,SÃO BERNARDO DO CAMPO,70750,SÃO BERNARDO DO CAMPO,409,28,28300,ANDERSON CARNEIRO DA SILVA,1,1040
2020,15/11/2020,SP,70750,SÃO BERNARDO DO CAMPO,70750,SÃO BERNARDO DO CAMPO,409,30,28300,ANDERSON CARNEIRO DA SILVA,1,1040
2020,15/11/2020,SP,70750,SÃO BERNARDO DO CAMPO,70750,SÃO BERNARDO DO CAMPO,409,38,28300,ANDERSON CARNEIRO DA SILVA,1,1040
2020,15/11/2020,SP,70750,SÃO BERNARDO DO CAMPO,70750,SÃO BERNARDO DO CAMPO,409,42,28300,ANDERSON CARNEIRO DA SILVA,1,1058
2020,15/11/2020,SP,70750,SÃO BERNARDO DO CAMPO,70750,SÃO BERNARDO DO CAMPO,409,46,28300,ANDERSON CARNEIRO DA SILVA,1,1058
2020,15/11/2020,SP,70750,SÃO BERNARDO DO CAMPO,70750,SÃO BERNARDO DO CAMPO,409,47,28300,ANDERSON CARNEIRO DA SILVA,2,1058
2020,15/11/2020,SP,70750,SÃO BERNARDO DO CAMPO,70750,SÃO BERNARDO DO CAMPO,409,51,28300,ANDERSON CARNEIRO DA SILVA,1,1058
2020,15/11/2020,SP,70750,SÃO BERNARDO DO CAMPO,70750,SÃO BERNARDO DO CAMPO,409,57,28300,ANDERSON CARNEIRO DA SILVA,1,1066
2020,15/11/2020,SP,70750,SÃO BERNARDO DO CAMPO,70750,SÃO BERNARDO DO CAMPO,409,58,28300,ANDERSON CARNEIRO DA SILVA,1,1066
2020,15/11/2020,SP,70750,SÃO BERNARDO DO CAMPO,70750,SÃO BERNARDO DO CAMPO,409,59,28300,ANDERSON CARNEIRO DA SILVA,1,1066
2020,15/11/2020,SP,70750,SÃO BERNARDO DO CAMPO,70750,SÃO BERNARDO DO CAMPO,409,67,28300,ANDERSON CARNEIRO DA SILVA,1,1074
2020,15/11/2020,SP,70750,SÃO BERNARDO DO CAMPO,70750,SÃO BERNARDO DO CAMPO,409,72,28300,ANDERSON CARNEIRO DA SILVA,1,1074
2020,15/11/2020,SP,70750,SÃO BERNARDO DO CAMPO,70750,SÃO BERNARDO DO CAMPO,409,73,28300,ANDERSON CARNEIRO DA SILVA,2,1074
2020,15/11/2020,SP,70750,SÃO BERNARDO DO CAMPO,70750,SÃO BERNARDO DO CAMPO,409,75,28300,ANDERSON CARNEIRO DA SILVA,1,1082
2020,15/11/2020,SP,70750,SÃO BERNARDO DO CAMPO,70750,SÃO BERNARDO DO CAMPO,409,77,28300,ANDERSON CARNEIRO DA SILVA,3,1082
2020,15/11/2020,SP,70750,SÃO BERNARDO DO CAMPO,70750,SÃO BERNARDO DO CAMPO,409,78,28300,ANDERSON CARNEIRO DA SILVA,1,1082
2020,15/11/2020,SP,70750,SÃO BERNARDO DO CAMPO,70750,SÃO BERNARDO DO CAMPO,409,79,28300,ANDERSON CARNEIRO DA SILVA,1,1082
2020,15/11/2020,SP,70750,SÃO BERNARDO DO CAMPO,70750,SÃO BERNARDO DO CAMPO,409,80,28300,ANDERSON CARNEIRO DA SILVA,7,1082
2020,15/11/2020,SP,70750,SÃO BERNARDO DO CAMPO,70750,SÃO BERNARDO DO CAMPO,409,93,28300,ANDERSON CARNEIRO DA SILVA,1,1104
2020,15/11/2020,SP,70750,SÃO BERNARDO DO CAMPO,70750,SÃO BERNARDO DO CAMPO,409,95,28300,ANDERSON CARNEIRO DA SILVA,2,1104
2020,15/11/2020,SP,70750,SÃO BERNARDO DO CAMPO,70750,SÃO BERNARDO DO CAMPO,409,97,28300,ANDERSON CARNEIRO DA SILVA,1,1104
2020,15/11/2020,SP,70750,SÃO BERNARDO DO CAMPO,70750,SÃO BERNARDO DO CAMPO,409,99,28300,ANDERSON CARNEIRO DA SILVA,1,1104
2020,15/11/2020,SP,70750,SÃO BERNARDO DO CAMPO,70750,SÃO BERNARDO DO CAMPO,409,107,28300,ANDERSON CARNEIRO DA SILVA,1,1112
2020,15/11/2020,SP,70750,SÃO BERNARDO DO CAMPO,70750,SÃO BERNARDO DO CAMPO,409,111,28300,ANDERSON CARNEIRO DA SILVA,2,1120
2020,15/11/2020,SP,70750,SÃO BERNARDO DO CAMPO,70750,SÃO BERNARDO DO CAMPO,409,112,28300,ANDERSON CARNEIRO DA SILVA,1,1120
2020,15/11/2020,SP,70750,SÃO BERNARDO DO CAMPO,70750,SÃO BERNARDO DO CAMPO,409,113,28300,ANDERSON CARNEIRO DA SILVA,2,1139
2020,15/11/2020,SP,70750,SÃO BERNARDO DO CAMPO,70750,SÃO BERNARDO DO CAMPO,409,114,28300,ANDERSON CARNEIRO DA SILVA,1,1139
2020,15/11/2020,SP,70750,SÃO BERNARDO DO CAMPO,70750,SÃO BERNARDO DO CAMPO,409,115,28300,ANDERSON CARNEIRO DA SILVA,3,1139
2020,15/11/2020,SP,70750,SÃO BERNARDO DO CAMPO,70750,SÃO BERNARDO DO CAMPO,409,117,28300,ANDERSON CARNEIRO DA SILVA,2,1139
2020,15/11/2020,SP,70750,SÃO BERNARDO DO CAMPO,70750,SÃO BERNARDO DO CAMPO,409,118,28300,ANDERSON CARNEIRO DA SILVA,2,1139
2020,15/11/2020,SP,70750,SÃO BERNARDO DO CAMPO,70750,SÃO BERNARDO DO CAMPO,409,119,28300,ANDERSON CARNEIRO DA SILVA,2,1139
2020,15/11/2020,SP,70750,SÃO BERNARDO DO CAMPO,70750,SÃO BERNARDO DO CAMPO,409,120,28300,ANDERSON CARNEIRO DA SILVA,1,1139
2020,15/11/2020,SP,70750,SÃO BERNARDO DO CAMPO,70750,SÃO BERNARDO DO CAMPO,409,121,28300,ANDERSON CARNEIRO DA SILVA,3,1139
2020,15/11/2020,SP,70750,SÃO BERNARDO DO CAMPO,70750,SÃO BERNARDO DO CAMPO,409,123,28300,ANDERSON CARNEIRO DA SILVA,1,1147
2020,15/11/2020,SP,70750,SÃO BERNARDO DO CAMPO,70750,SÃO BERNARDO DO CAMPO,409,124,28300,ANDERSON CARNEIRO DA SILVA,1,1147
2020,15/11/2020,SP,70750,SÃO BERNARDO DO CAMPO,70750,SÃO BERNARDO DO CAMPO,409,125,28300,ANDERSON CARNEIRO DA SILVA,1,1147
2020,15/11/2020,SP,70750,SÃO BERNARDO DO CAMPO,70750,SÃO BERNARDO DO CAMPO,409,126,28300,ANDERSON CARNEIRO DA SILVA,1,1147
2020,15/11/2020,SP,70750,SÃO BERNARDO DO CAMPO,70750,SÃO BERNARDO DO CAMPO,409,127,28300,ANDERSON CARNEIRO DA SILVA,3,1147
2020,15/11/2020,SP,70750,SÃO BERNARDO DO CAMPO,70750,SÃO BERNARDO DO CAMPO,409,129,28300,ANDERSON CARNEIRO DA SILVA,3,1147
2020,15/11/2020,SP,70750,SÃO BERNARDO DO CAMPO,70750,SÃO BERNARDO DO CAMPO,409,131,28300,ANDERSON CARNEIRO DA SILVA,1,1147
2020,15/11/2020,SP,70750,SÃO BERNARDO DO CAMPO,70750,SÃO BERNARDO DO CAMPO,409,137,28300,ANDERSON CARNEIRO DA SILVA,2,1155
2020,15/11/2020,SP,70750,SÃO BERNARDO DO CAMPO,70750,SÃO BERNARDO DO CAMPO,409,139,28300,ANDERSON CARNEIRO DA SILVA,1,1155
2020,15/11/2020,SP,70750,SÃO BERNARDO DO CAMPO,70750,SÃO BERNARDO DO CAMPO,409,140,28300,ANDERSON CARNEIRO DA SILVA,1,1155
2020,15/11/2020,SP,70750,SÃO BERNARDO DO CAMPO,70750,SÃO BERNARDO DO CAMPO,409,141,28300,ANDERSON CARNEIRO DA SILVA,1,1155
2020,15/11/2020,SP,70750,SÃO BERNARDO DO CAMPO,70750,SÃO BERNARDO DO CAMPO,409,142,28300,ANDERSON CARNEIRO DA SILVA,3,1155
2020,15/11/2020,SP,70750,SÃO BERNARDO DO CAMPO,70750,SÃO BERNARDO DO CAMPO,409,143,28300,ANDERSON CARNEIRO DA SILVA,1,1163
2020,15/11/2020,SP,70750,SÃO BERNARDO DO CAMPO,70750,SÃO BERNARDO DO CAMPO,409,150,28300,ANDERSON CARNEIRO DA SILVA,1,1171
2020,15/11/2020,SP,70750,SÃO BERNARDO DO CAMPO,70750,SÃO BERNARDO DO CAMPO,409,152,28300,ANDERSON CARNEIRO DA SILVA,3,1171
2020,15/11/2020,SP,70750,SÃO BERNARDO DO CAMPO,70750,SÃO BERNARDO DO CAMPO,409,154,28300,ANDERSON CARNEIRO DA SILVA,3,1171
2020,15/11/2020,SP,70750,SÃO BERNARDO DO CAMPO,70750,SÃO BERNARDO DO CAMPO,409,156,28300,ANDERSON CARNEIRO DA SILVA,1,1180
2020,15/11/2020,SP,70750,SÃO BERNARDO DO CAMPO,70750,SÃO BERNARDO DO CAMPO,409,161,28300,ANDERSON CARNEIRO DA SILVA,2,1228
2020,15/11/2020,SP,70750,SÃO BERNARDO DO CAMPO,70750,SÃO BERNARDO DO CAMPO,409,163,28300,ANDERSON CARNEIRO DA SILVA,1,1244
2020,15/11/2020,SP,70750,SÃO BERNARDO DO CAMPO,70750,SÃO BERNARDO DO CAMPO,409,165,28300,ANDERSON CARNEIRO DA SILVA,2,1260
2020,15/11/2020,SP,70750,SÃO BERNARDO DO CAMPO,70750,SÃO BERNARDO DO CAMPO,409,166,28300,ANDERSON CARNEIRO DA SILVA,1,1236
2020,15/11/2020,SP,70750,SÃO BERNARDO DO CAMPO,70750,SÃO BERNARDO DO CAMPO,409,168,28300,ANDERSON CARNEIRO DA SILVA,2,1139
2020,15/11/2020,SP,70750,SÃO BERNARDO DO CAMPO,70750,SÃO BERNARDO DO CAMPO,409,171,28300,ANDERSON CARNEIRO DA SILVA,2,1201
2020,15/11/2020,SP,70750,SÃO BERNARDO DO CAMPO,70750,SÃO BERNARDO DO CAMPO,409,172,28300,ANDERSON CARNEIRO DA SILVA,1,1112
2020,15/11/2020,SP,70750,SÃO BERNARDO DO CAMPO,70750,SÃO BERNARDO DO CAMPO,409,173,28300,ANDERSON CARNEIRO DA SILVA,2,1260
2020,15/11/2020,SP,70750,SÃO BERNARDO DO CAMPO,70750,SÃO BERNARDO DO CAMPO,409,174,28300,ANDERSON CARNEIRO DA SILVA,1,1163
2020,15/11/2020,SP,70750,SÃO BERNARDO DO CAMPO,70750,SÃO BERNARDO DO CAMPO,409,176,28300,ANDERSON CARNEIRO DA SILVA,1,1147
2020,15/11/2020,SP,70750,SÃO BERNARDO DO CAMPO,70750,SÃO BERNARDO DO CAMPO,409,179,28300,ANDERSON CARNEIRO DA SILVA,1,1252
2020,15/11/2020,SP,70750,SÃO BERNARDO DO CAMPO,70750,SÃO BERNARDO DO CAMPO,409,189,28300,ANDERSON CARNEIRO DA SILVA,7,1260
2020,15/11/2020,SP,70750,SÃO BERNARDO DO CAMPO,70750,SÃO BERNARDO DO CAMPO,409,190,28300,ANDERSON CARNEIRO DA SILVA,4,1147
2020,15/11/2020,SP,70750,SÃO BERNARDO DO CAMPO,70750,SÃO BERNARDO DO CAMPO,409,191,28300,ANDERSON CARNEIRO DA SILVA,1,1406
2020,15/11/2020,SP,70750,SÃO BERNARDO DO CAMPO,70750,SÃO BERNARDO DO CAMPO,409,192,28300,ANDERSON CARNEIRO DA SILVA,3,1015
2020,15/11/2020,SP,70750,SÃO BERNARDO DO CAMPO,70750,SÃO BERNARDO DO CAMPO,409,193,28300,ANDERSON CARNEIRO DA SILVA,1,1074
2020,15/11/2020,SP,70750,SÃO BERNARDO DO CAMPO,70750,SÃO BERNARDO DO CAMPO,409,196,28300,ANDERSON CARNEIRO DA SILVA,1,1120
2020,15/11/2020,SP,70750,SÃO BERNARDO DO CAMPO,70750,SÃO BERNARDO DO CAMPO,409,198,28300,ANDERSON CARNEIRO DA SILVA,2,1112
2020,15/11/2020,SP,70750,SÃO BERNARDO DO CAMPO,70750,SÃO BERNARDO DO CAMPO,409,200,28300,ANDERSON CARNEIRO DA SILVA,2,1066
2020,15/11/2020,SP,70750,SÃO BERNARDO DO CAMPO,70750,SÃO BERNARDO DO CAMPO,409,202,28300,ANDERSON CARNEIRO DA SILVA,1,1040
2020,15/11/2020,SP,70750,SÃO BERNARDO DO CAMPO,70750,SÃO BERNARDO DO CAMPO,409,204,28300,ANDERSON CARNEIRO DA SILVA,2,1147
2020,15/11/2020,SP,70750,SÃO BERNARDO DO CAMPO,70750,SÃO BERNARDO DO CAMPO,409,205,28300,ANDERSON CARNEIRO DA SILVA,1,1287
2020,15/11/2020,SP,70750,SÃO BERNARDO DO CAMPO,70750,SÃO BERNARDO DO CAMPO,409,206,28300,ANDERSON CARNEIRO DA SILVA,2,1260
2020,15/11/2020,SP,70750,SÃO BERNARDO DO CAMPO,70750,SÃO BERNARDO DO CAMPO,409,209,28300,ANDERSON CARNEIRO DA SILVA,1,1155
2020,15/11/2020,SP,70750,SÃO BERNARDO DO CAMPO,70750,SÃO BERNARDO DO CAMPO,409,210,28300,ANDERSON CARNEIRO DA SILVA,2,1171
2020,15/11/2020,SP,70750,SÃO BERNARDO DO CAMPO,70750,SÃO BERNARDO DO CAMPO,409,211,28300,ANDERSON CARNEIRO DA SILVA,1,1201
2020,15/11/2020,SP,70750,SÃO BERNARDO DO CAMPO,70750,SÃO BERNARDO DO CAMPO,409,218,28300,ANDERSON CARNEIRO DA SILVA,1,1406
2020,15/11/2020,SP,70750,SÃO BERNARDO DO CAMPO,70750,SÃO BERNARDO DO CAMPO,409,219,28300,ANDERSON CARNEIRO DA SILVA,2,1287
2020,15/11/2020,SP,70750,SÃO BERNARDO DO CAMPO,70750,SÃO BERNARDO DO CAMPO,409,222,28300,ANDERSON CARNEIRO DA SILVA,1,1155
2020,15/11/2020,SP,70750,SÃO BERNARDO DO CAMPO,70750,SÃO BERNARDO DO CAMPO,409,226,28300,ANDERSON CARNEIRO DA SILVA,2,1015
2020,15/11/2020,SP,70750,SÃO BERNARDO DO CAMPO,70750,SÃO BERNARDO DO CAMPO,409,229,28300,ANDERSON CARNEIRO DA SILVA,1,1120
2020,15/11/2020,SP,70750,SÃO BERNARDO DO CAMPO,70750,SÃO BERNARDO DO CAMPO,409,230,28300,ANDERSON CARNEIRO DA SILVA,2,1082
2020,15/11/2020,SP,70750,SÃO BERNARDO DO CAMPO,70750,SÃO BERNARDO DO CAMPO,409,232,28300,ANDERSON CARNEIRO DA SILVA,2,1287
2020,15/11/2020,SP,70750,SÃO BERNARDO DO CAMPO,70750,SÃO BERNARDO DO CAMPO,409,233,28300,ANDERSON CARNEIRO DA SILVA,2,1201
2020,15/11/2020,SP,70750,SÃO BERNARDO DO CAMPO,70750,SÃO BERNARDO DO CAMPO,409,236,28300,ANDERSON CARNEIRO DA SILVA,3,1260
2020,15/11/2020,SP,70750,SÃO BERNARDO DO CAMPO,70750,SÃO BERNARDO DO CAMPO,409,240,28300,ANDERSON CARNEIRO DA SILVA,1,1325
2020,15/11/2020,SP,70750,SÃO BERNARDO DO CAMPO,70750,SÃO BERNARDO DO CAMPO,409,241,28300,ANDERSON CARNEIRO DA SILVA,1,1317
2020,15/11/2020,SP,70750,SÃO BERNARDO DO CAMPO,70750,SÃO BERNARDO DO CAMPO,409,242,28300,ANDERSON CARNEIRO DA SILVA,4,1023
2020,15/11/2020,SP,70750,SÃO BERNARDO DO CAMPO,70750,SÃO BERNARDO DO CAMPO,409,244,28300,ANDERSON CARNEIRO DA SILVA,2,1228
2020,15/11/2020,SP,70750,SÃO BERNARDO DO CAMPO,70750,SÃO BERNARDO DO CAMPO,409,247,28300,ANDERSON CARNEIRO DA SILVA,2,1406
2020,15/11/2020,SP,70750,SÃO BERNARDO DO CAMPO,70750,SÃO BERNARDO DO CAMPO,409,252,28300,ANDERSON CARNEIRO DA SILVA,1,1252
2020,15/11/2020,SP,70750,SÃO BERNARDO DO CAMPO,70750,SÃO BERNARDO DO CAMPO,409,253,28300,ANDERSON CARNEIRO DA SILVA,4,1201
2020,15/11/2020,SP,70750,SÃO BERNARDO DO CAMPO,70750,SÃO BERNARDO DO CAMPO,409,256,28300,ANDERSON CARNEIRO DA SILVA,3,1287
2020,15/11/2020,SP,70750,SÃO BERNARDO DO CAMPO,70750,SÃO BERNARDO DO CAMPO,409,258,28300,ANDERSON CARNEIRO DA SILVA,3,1325
2020,15/11/2020,SP,70750,SÃO BERNARDO DO CAMPO,70750,SÃO BERNARDO DO CAMPO,409,260,28300,ANDERSON CARNEIRO DA SILVA,3,1260
2020,15/11/2020,SP,70750,SÃO BERNARDO DO CAMPO,70750,SÃO BERNARDO DO CAMPO,409,264,28300,ANDERSON CARNEIRO DA SILVA,3,1015
2020,15/11/2020,SP,70750,SÃO BERNARDO DO CAMPO,70750,SÃO BERNARDO DO CAMPO,409,267,28300,ANDERSON CARNEIRO DA SILVA,2,1295
2020,15/11/2020,SP,70750,SÃO BERNARDO DO CAMPO,70750,SÃO BERNARDO DO CAMPO,409,268,28300,ANDERSON CARNEIRO DA SILVA,1,1309
2020,15/11/2020,SP,70750,SÃO BERNARDO DO CAMPO,70750,SÃO BERNARDO DO CAMPO,409,269,28300,ANDERSON CARNEIRO DA SILVA,1,1317
2020,15/11/2020,SP,70750,SÃO BERNARDO DO CAMPO,70750,SÃO BERNARDO DO CAMPO,409,271,28300,ANDERSON CARNEIRO DA SILVA,3,1287
2020,15/11/2020,SP,70750,SÃO BERNARDO DO CAMPO,70750,SÃO BERNARDO DO CAMPO,409,272,28300,ANDERSON CARNEIRO DA SILVA,2,1325
2020,15/11/2020,SP,70750,SÃO BERNARDO DO CAMPO,70750,SÃO BERNARDO DO CAMPO,409,275,28300,ANDERSON CARNEIRO DA SILVA,2,1333
2020,15/11/2020,SP,70750,SÃO BERNARDO DO CAMPO,70750,SÃO BERNARDO DO CAMPO,409,279,28300,ANDERSON CARNEIRO DA SILVA,1,1350
2020,15/11/2020,SP,70750,SÃO BERNARDO DO CAMPO,70750,SÃO BERNARDO DO CAMPO,409,284,28300,ANDERSON CARNEIRO DA SILVA,3,1201
2020,15/11/2020,SP,70750,SÃO BERNARDO DO CAMPO,70750,SÃO BERNARDO DO CAMPO,409,285,28300,ANDERSON CARNEIRO DA SILVA,1,1317
2020,15/11/2020,SP,70750,SÃO BERNARDO DO CAMPO,70750,SÃO BERNARDO DO CAMPO,409,286,28300,ANDERSON CARNEIRO DA SILVA,1,1341
2020,15/11/2020,SP,70750,SÃO BERNARDO DO CAMPO,70750,SÃO BERNARDO DO CAMPO,409,287,28300,ANDERSON CARNEIRO DA SILVA,1,1201
2020,15/11/2020,SP,70750,SÃO BERNARDO DO CAMPO,70750,SÃO BERNARDO DO CAMPO,409,289,28300,ANDERSON CARNEIRO DA SILVA,2,1023
2020,15/11/2020,SP,70750,SÃO BERNARDO DO CAMPO,70750,SÃO BERNARDO DO CAMPO,409,290,28300,ANDERSON CARNEIRO DA SILVA,3,1201
2020,15/11/2020,SP,70750,SÃO BERNARDO DO CAMPO,70750,SÃO BERNARDO DO CAMPO,409,293,28300,ANDERSON CARNEIRO DA SILVA,1,1350
2020,15/11/2020,SP,70750,SÃO BERNARDO DO CAMPO,70750,SÃO BERNARDO DO CAMPO,409,294,28300,ANDERSON CARNEIRO DA SILVA,6,1287
2020,15/11/2020,SP,70750,SÃO BERNARDO DO CAMPO,70750,SÃO BERNARDO DO CAMPO,409,296,28300,ANDERSON CARNEIRO DA SILVA,1,1376
2020,15/11/2020,SP,70750,SÃO BERNARDO DO CAMPO,70750,SÃO BERNARDO DO CAMPO,409,298,28300,ANDERSON CARNEIRO DA SILVA,1,1023
2020,15/11/2020,SP,70750,SÃO BERNARDO DO CAMPO,70750,SÃO BERNARDO DO CAMPO,409,300,28300,ANDERSON CARNEIRO DA SILVA,1,1015
2020,15/11/2020,SP,70750,SÃO BERNARDO DO CAMPO,70750,SÃO BERNARDO DO CAMPO,409,301,28300,ANDERSON CARNEIRO DA SILVA,3,1155
2020,15/11/2020,SP,70750,SÃO BERNARDO DO CAMPO,70750,SÃO BERNARDO DO CAMPO,409,302,28300,ANDERSON CARNEIRO DA SILVA,2,1201
2020,15/11/2020,SP,70750,SÃO BERNARDO DO CAMPO,70750,SÃO BERNARDO DO CAMPO,409,304,28300,ANDERSON CARNEIRO DA SILVA,1,1015
2020,15/11/2020,SP,70750,SÃO BERNARDO DO CAMPO,70750,SÃO BERNARDO DO CAMPO,409,305,28300,ANDERSON CARNEIRO DA SILVA,2,1333
2020,15/11/2020,SP,70750,SÃO BERNARDO DO CAMPO,70750,SÃO BERNARDO DO CAMPO,409,306,28300,ANDERSON CARNEIRO DA SILVA,2,1023
2020,15/11/2020,SP,70750,SÃO BERNARDO DO CAMPO,70750,SÃO BERNARDO DO CAMPO,409,307,28300,ANDERSON CARNEIRO DA SILVA,1,1376
2020,15/11/2020,SP,70750,SÃO BERNARDO DO CAMPO,70750,SÃO BERNARDO DO CAMPO,409,310,28300,ANDERSON CARNEIRO DA SILVA,2,1023
2020,15/11/2020,SP,70750,SÃO BERNARDO DO CAMPO,70750,SÃO BERNARDO DO CAMPO,409,312,28300,ANDERSON CARNEIRO DA SILVA,6,1287
2020,15/11/2020,SP,70750,SÃO BERNARDO DO CAMPO,70750,SÃO BERNARDO DO CAMPO,409,315,28300,ANDERSON CARNEIRO DA SILVA,4,1201
2020,15/11/2020,SP,70750,SÃO BERNARDO DO CAMPO,70750,SÃO BERNARDO DO CAMPO,409,316,28300,ANDERSON CARNEIRO DA SILVA,1,1252
2020,15/11/2020,SP,70750,SÃO BERNARDO DO CAMPO,70750,SÃO BERNARDO DO CAMPO,409,318,28300,ANDERSON CARNEIRO DA SILVA,1,1287
2020,15/11/2020,SP,70750,SÃO BERNARDO DO CAMPO,70750,SÃO BERNARDO DO CAMPO,409,320,28300,ANDERSON CARNEIRO DA SILVA,1,1201
2020,15/11/2020,SP,70750,SÃO BERNARDO DO CAMPO,70750,SÃO BERNARDO DO CAMPO,409,323,28300,ANDERSON CARNEIRO DA SILVA,1,1350
2020,15/11/2020,SP,70750,SÃO BERNARDO DO CAMPO,70750,SÃO BERNARDO DO CAMPO,409,324,28300,ANDERSON CARNEIRO DA SILVA,2,1023
2020,15/11/2020,SP,70750,SÃO BERNARDO DO CAMPO,70750,SÃO BERNARDO DO CAMPO,409,331,28300,ANDERSON CARNEIRO DA SILVA,3,1023
2020,15/11/2020,SP,70750,SÃO BERNARDO DO CAMPO,70750,SÃO BERNARDO DO CAMPO,409,333,28300,ANDERSON CARNEIRO DA SILVA,2,1201
2020,15/11/2020,SP,70750,SÃO BERNARDO DO CAMPO,70750,SÃO BERNARDO DO CAMPO,409,338,28300,ANDERSON CARNEIRO DA SILVA,1,1392
2020,15/11/2020,SP,70750,SÃO BERNARDO DO CAMPO,70750,SÃO BERNARDO DO CAMPO,409,339,28300,ANDERSON CARNEIRO DA SILVA,1,1252
2020,15/11/2020,SP,70750,SÃO BERNARDO DO CAMPO,70750,SÃO BERNARDO DO CAMPO,409,340,28300,ANDERSON CARNEIRO DA SILVA,1,1333
2020,15/11/2020,SP,70750,SÃO BERNARDO DO CAMPO,70750,SÃO BERNARDO DO CAMPO,409,342,28300,ANDERSON CARNEIRO DA SILVA,2,1406
2020,15/11/2020,SP,70750,SÃO BERNARDO DO CAMPO,70750,SÃO BERNARDO DO CAMPO,409,343,28300,ANDERSON CARNEIRO DA SILVA,2,1201
2020,15/11/2020,SP,70750,SÃO BERNARDO DO CAMPO,70750,SÃO BERNARDO DO CAMPO,409,344,28300,ANDERSON CARNEIRO DA SILVA,1,1341
2020,15/11/2020,SP,70750,SÃO BERNARDO DO CAMPO,70750,SÃO BERNARDO DO CAMPO,409,345,28300,ANDERSON CARNEIRO DA SILVA,1,1376
2020,15/11/2020,SP,70750,SÃO BERNARDO DO CAMPO,70750,SÃO BERNARDO DO CAMPO,409,351,28300,ANDERSON CARNEIRO DA SILVA,2,1325
2020,15/11/2020,SP,70750,SÃO BERNARDO DO CAMPO,70750,SÃO BERNARDO DO CAMPO,409,352,28300,ANDERSON CARNEIRO DA SILVA,1,1350
2020,15/11/2020,SP,70750,SÃO BERNARDO DO CAMPO,70750,SÃO BERNARDO DO CAMPO,409,353,28300,ANDERSON CARNEIRO DA SILVA,1,1333
2020,15/11/2020,SP,70750,SÃO BERNARDO DO CAMPO,70750,SÃO BERNARDO DO CAMPO,409,354,28300,ANDERSON CARNEIRO DA SILVA,2,1201
2020,15/11/2020,SP,70750,SÃO BERNARDO DO CAMPO,70750,SÃO BERNARDO DO CAMPO,409,361,28300,ANDERSON CARNEIRO DA SILVA,1,1341
2020,15/11/2020,SP,70750,SÃO BERNARDO DO CAMPO,70750,SÃO BERNARDO DO CAMPO,409,364,28300,ANDERSON CARNEIRO DA SILVA,2,1201
2020,15/11/2020,SP,70750,SÃO BERNARDO DO CAMPO,70750,SÃO BERNARDO DO CAMPO,409,366,28300,ANDERSON CARNEIRO DA SILVA,2,1201
2020,15/11/2020,SP,70750,SÃO BERNARDO DO CAMPO,70750,SÃO BERNARDO DO CAMPO,409,367,28300,ANDERSON CARNEIRO DA SILVA,2,1414
2020,15/11/2020,SP,70750,SÃO BERNARDO DO CAMPO,70750,SÃO BERNARDO DO CAMPO,409,372,28300,ANDERSON CARNEIRO DA SILVA,6,1414
2020,15/11/2020,SP,70750,SÃO BERNARDO DO CAMPO,70750,SÃO BERNARDO DO CAMPO,409,375,28300,ANDERSON CARNEIRO DA SILVA,2,1228
2020,15/11/2020,SP,70750,SÃO BERNARDO DO CAMPO,70750,SÃO BERNARDO DO CAMPO,409,378,28300,ANDERSON CARNEIRO DA SILVA,1,1414
2020,15/11/2020,SP,70750,SÃO BERNARDO DO CAMPO,70750,SÃO BERNARDO DO CAMPO,409,383,28300,ANDERSON CARNEIRO DA SILVA,2,1252
2020,15/11/2020,SP,70750,SÃO BERNARDO DO CAMPO,70750,SÃO BERNARDO DO CAMPO,409,384,28300,ANDERSON CARNEIRO DA SILVA,1,1392
2020,15/11/2020,SP,70750,SÃO BERNARDO DO CAMPO,70750,SÃO BERNARDO DO CAMPO,409,385,28300,ANDERSON CARNEIRO DA SILVA,2,1414
2020,15/11/2020,SP,70750,SÃO BERNARDO DO CAMPO,70750,SÃO BERNARDO DO CAMPO,409,389,28300,ANDERSON CARNEIRO DA SILVA,1,1414
2020,15/11/2020,SP,70750,SÃO BERNARDO DO CAMPO,70750,SÃO BERNARDO DO CAMPO,414,1,28300,ANDERSON CARNEIRO DA SILVA,1,1015
2020,15/11/2020,SP,70750,SÃO BERNARDO DO CAMPO,70750,SÃO BERNARDO DO CAMPO,414,2,28300,ANDERSON CARNEIRO DA SILVA,1,1015
2020,15/11/2020,SP,70750,SÃO BERNARDO DO CAMPO,70750,SÃO BERNARDO DO CAMPO,414,5,28300,ANDERSON CARNEIRO DA SILVA,1,1015
2020,15/11/2020,SP,70750,SÃO BERNARDO DO CAMPO,70750,SÃO BERNARDO DO CAMPO,414,10,28300,ANDERSON CARNEIRO DA SILVA,1,1015
2020,15/11/2020,SP,70750,SÃO BERNARDO DO CAMPO,70750,SÃO BERNARDO DO CAMPO,414,12,28300,ANDERSON CARNEIRO DA SILVA,1,1015
2020,15/11/2020,SP,70750,SÃO BERNARDO DO CAMPO,70750,SÃO BERNARDO DO CAMPO,414,13,28300,ANDERSON CARNEIRO DA SILVA,1,1015
2020,15/11/2020,SP,70750,SÃO BERNARDO DO CAMPO,70750,SÃO BERNARDO DO CAMPO,414,18,28300,ANDERSON CARNEIRO DA SILVA,1,1023
2020,15/11/2020,SP,70750,SÃO BERNARDO DO CAMPO,70750,SÃO BERNARDO DO CAMPO,414,19,28300,ANDERSON CARNEIRO DA SILVA,1,1023
2020,15/11/2020,SP,70750,SÃO BERNARDO DO CAMPO,70750,SÃO BERNARDO DO CAMPO,414,21,28300,ANDERSON CARNEIRO DA SILVA,2,1023
2020,15/11/2020,SP,70750,SÃO BERNARDO DO CAMPO,70750,SÃO BERNARDO DO CAMPO,414,22,28300,ANDERSON CARNEIRO DA SILVA,1,1023
2020,15/11/2020,SP,70750,SÃO BERNARDO DO CAMPO,70750,SÃO BERNARDO DO CAMPO,414,23,28300,ANDERSON CARNEIRO DA SILVA,1,1023
2020,15/11/2020,SP,70750,SÃO BERNARDO DO CAMPO,70750,SÃO BERNARDO DO CAMPO,414,26,28300,ANDERSON CARNEIRO DA SILVA,3,1023
2020,15/11/2020,SP,70750,SÃO BERNARDO DO CAMPO,70750,SÃO BERNARDO DO CAMPO,414,27,28300,ANDERSON CARNEIRO DA SILVA,1,1023
2020,15/11/2020,SP,70750,SÃO BERNARDO DO CAMPO,70750,SÃO BERNARDO DO CAMPO,414,29,28300,ANDERSON CARNEIRO DA SILVA,1,1023
2020,15/11/2020,SP,70750,SÃO BERNARDO DO CAMPO,70750,SÃO BERNARDO DO CAMPO,414,57,28300,ANDERSON CARNEIRO DA SILVA,1,1040
2020,15/11/2020,SP,70750,SÃO BERNARDO DO CAMPO,70750,SÃO BERNARDO DO CAMPO,414,58,28300,ANDERSON CARNEIRO DA SILVA,1,1040
2020,15/11/2020,SP,70750,SÃO BERNARDO DO CAMPO,70750,SÃO BERNARDO DO CAMPO,414,61,28300,ANDERSON CARNEIRO DA SILVA,1,1058
2020,15/11/2020,SP,70750,SÃO BERNARDO DO CAMPO,70750,SÃO BERNARDO DO CAMPO,414,64,28300,ANDERSON CARNEIRO DA SILVA,1,1058
2020,15/11/2020,SP,70750,SÃO BERNARDO DO CAMPO,70750,SÃO BERNARDO DO CAMPO,414,69,28300,ANDERSON CARNEIRO DA SILVA,1,1058
2020,15/11/2020,SP,70750,SÃO BERNARDO DO CAMPO,70750,SÃO BERNARDO DO CAMPO,414,74,28300,ANDERSON CARNEIRO DA SILVA,1,1066
2020,15/11/2020,SP,70750,SÃO BERNARDO DO CAMPO,70750,SÃO BERNARDO DO CAMPO,414,75,28300,ANDERSON CARNEIRO DA SILVA,1,1066
2020,15/11/2020,SP,70750,SÃO BERNARDO DO CAMPO,70750,SÃO BERNARDO DO CAMPO,414,77,28300,ANDERSON CARNEIRO DA SILVA,1,1066
2020,15/11/2020,SP,70750,SÃO BERNARDO DO CAMPO,70750,SÃO BERNARDO DO CAMPO,414,79,28300,ANDERSON CARNEIRO DA SILVA,1,1066
2020,15/11/2020,SP,70750,SÃO BERNARDO DO CAMPO,70750,SÃO BERNARDO DO CAMPO,414,81,28300,ANDERSON CARNEIRO DA SILVA,2,1066
2020,15/11/2020,SP,70750,SÃO BERNARDO DO CAMPO,70750,SÃO BERNARDO DO CAMPO,414,82,28300,ANDERSON CARNEIRO DA SILVA,1,1066
2020,15/11/2020,SP,70750,SÃO BERNARDO DO CAMPO,70750,SÃO BERNARDO DO CAMPO,414,84,28300,ANDERSON CARNEIRO DA SILVA,1,1066
2020,15/11/2020,SP,70750,SÃO BERNARDO DO CAMPO,70750,SÃO BERNARDO DO CAMPO,414,86,28300,ANDERSON CARNEIRO DA SILVA,1,1074
2020,15/11/2020,SP,70750,SÃO BERNARDO DO CAMPO,70750,SÃO BERNARDO DO CAMPO,414,88,28300,ANDERSON CARNEIRO DA SILVA,1,1074
2020,15/11/2020,SP,70750,SÃO BERNARDO DO CAMPO,70750,SÃO BERNARDO DO CAMPO,414,90,28300,ANDERSON CARNEIRO DA SILVA,2,1074
2020,15/11/2020,SP,70750,SÃO BERNARDO DO CAMPO,70750,SÃO BERNARDO DO CAMPO,414,91,28300,ANDERSON CARNEIRO DA SILVA,1,1074
2020,15/11/2020,SP,70750,SÃO BERNARDO DO CAMPO,70750,SÃO BERNARDO DO CAMPO,414,93,28300,ANDERSON CARNEIRO DA SILVA,1,1074
2020,15/11/2020,SP,70750,SÃO BERNARDO DO CAMPO,70750,SÃO BERNARDO DO CAMPO,414,95,28300,ANDERSON CARNEIRO DA SILVA,1,1074
2020,15/11/2020,SP,70750,SÃO BERNARDO DO CAMPO,70750,SÃO BERNARDO DO CAMPO,414,96,28300,ANDERSON CARNEIRO DA SILVA,1,1074
2020,15/11/2020,SP,70750,SÃO BERNARDO DO CAMPO,70750,SÃO BERNARDO DO CAMPO,414,97,28300,ANDERSON CARNEIRO DA SILVA,2,1074
2020,15/11/2020,SP,70750,SÃO BERNARDO DO CAMPO,70750,SÃO BERNARDO DO CAMPO,414,104,28300,ANDERSON CARNEIRO DA SILVA,1,1082
2020,15/11/2020,SP,70750,SÃO BERNARDO DO CAMPO,70750,SÃO BERNARDO DO CAMPO,414,106,28300,ANDERSON CARNEIRO DA SILVA,1,1082
2020,15/11/2020,SP,70750,SÃO BERNARDO DO CAMPO,70750,SÃO BERNARDO DO CAMPO,414,110,28300,ANDERSON CARNEIRO DA SILVA,1,1090
2020,15/11/2020,SP,70750,SÃO BERNARDO DO CAMPO,70750,SÃO BERNARDO DO CAMPO,414,121,28300,ANDERSON CARNEIRO DA SILVA,1,1104
2020,15/11/2020,SP,70750,SÃO BERNARDO DO CAMPO,70750,SÃO BERNARDO DO CAMPO,414,124,28300,ANDERSON CARNEIRO DA SILVA,1,1104
2020,15/11/2020,SP,70750,SÃO BERNARDO DO CAMPO,70750,SÃO BERNARDO DO CAMPO,414,125,28300,ANDERSON CARNEIRO DA SILVA,1,1104
2020,15/11/2020,SP,70750,SÃO BERNARDO DO CAMPO,70750,SÃO BERNARDO DO CAMPO,414,129,28300,ANDERSON CARNEIRO DA SILVA,1,1112
2020,15/11/2020,SP,70750,SÃO BERNARDO DO CAMPO,70750,SÃO BERNARDO DO CAMPO,414,130,28300,ANDERSON CARNEIRO DA SILVA,1,1112
2020,15/11/2020,SP,70750,SÃO BERNARDO DO CAMPO,70750,SÃO BERNARDO DO CAMPO,414,131,28300,ANDERSON CARNEIRO DA SILVA,2,1120
2020,15/11/2020,SP,70750,SÃO BERNARDO DO CAMPO,70750,SÃO BERNARDO DO CAMPO,414,132,28300,ANDERSON CARNEIRO DA SILVA,4,1120
2020,15/11/2020,SP,70750,SÃO BERNARDO DO CAMPO,70750,SÃO BERNARDO DO CAMPO,414,133,28300,ANDERSON CARNEIRO DA SILVA,1,1120
2020,15/11/2020,SP,70750,SÃO BERNARDO DO CAMPO,70750,SÃO BERNARDO DO CAMPO,414,134,28300,ANDERSON CARNEIRO DA SILVA,3,1120
2020,15/11/2020,SP,70750,SÃO BERNARDO DO CAMPO,70750,SÃO BERNARDO DO CAMPO,414,136,28300,ANDERSON CARNEIRO DA SILVA,1,1139
2020,15/11/2020,SP,70750,SÃO BERNARDO DO CAMPO,70750,SÃO BERNARDO DO CAMPO,414,144,28300,ANDERSON CARNEIRO DA SILVA,1,1155
2020,15/11/2020,SP,70750,SÃO BERNARDO DO CAMPO,70750,SÃO BERNARDO DO CAMPO,414,148,28300,ANDERSON CARNEIRO DA SILVA,1,1155
2020,15/11/2020,SP,70750,SÃO BERNARDO DO CAMPO,70750,SÃO BERNARDO DO CAMPO,414,149,28300,ANDERSON CARNEIRO DA SILVA,1,1155
2020,15/11/2020,SP,70750,SÃO BERNARDO DO CAMPO,70750,SÃO BERNARDO DO CAMPO,414,152,28300,ANDERSON CARNEIRO DA SILVA,1,1155
2020,15/11/2020,SP,70750,SÃO BERNARDO DO CAMPO,70750,SÃO BERNARDO DO CAMPO,414,155,28300,ANDERSON CARNEIRO DA SILVA,2,1155
2020,15/11/2020,SP,70750,SÃO BERNARDO DO CAMPO,70750,SÃO BERNARDO DO CAMPO,414,156,28300,ANDERSON CARNEIRO DA SILVA,1,1155
2020,15/11/2020,SP,70750,SÃO BERNARDO DO CAMPO,70750,SÃO BERNARDO DO CAMPO,414,158,28300,ANDERSON CARNEIRO DA SILVA,1,1155
2020,15/11/2020,SP,70750,SÃO BERNARDO DO CAMPO,70750,SÃO BERNARDO DO CAMPO,414,159,28300,ANDERSON CARNEIRO DA SILVA,1,1155
2020,15/11/2020,SP,70750,SÃO BERNARDO DO CAMPO,70750,SÃO BERNARDO DO CAMPO,414,160,28300,ANDERSON CARNEIRO DA SILVA,1,1155
2020,15/11/2020,SP,70750,SÃO BERNARDO DO CAMPO,70750,SÃO BERNARDO DO CAMPO,414,161,28300,ANDERSON CARNEIRO DA SILVA,2,1104
2020,15/11/2020,SP,70750,SÃO BERNARDO DO CAMPO,70750,SÃO BERNARDO DO CAMPO,414,163,28300,ANDERSON CARNEIRO DA SILVA,1,1163
2020,15/11/2020,SP,70750,SÃO BERNARDO DO CAMPO,70750,SÃO BERNARDO DO CAMPO,414,170,28300,ANDERSON CARNEIRO DA SILVA,1,1112
2020,15/11/2020,SP,70750,SÃO BERNARDO DO CAMPO,70750,SÃO BERNARDO DO CAMPO,414,171,28300,ANDERSON CARNEIRO DA SILVA,1,1163
2020,15/11/2020,SP,70750,SÃO BERNARDO DO CAMPO,70750,SÃO BERNARDO DO CAMPO,414,174,28300,ANDERSON CARNEIRO DA SILVA,1,1163
2020,15/11/2020,SP,70750,SÃO BERNARDO DO CAMPO,70750,SÃO BERNARDO DO CAMPO,414,179,28300,ANDERSON CARNEIRO DA SILVA,2,1163
2020,15/11/2020,SP,70750,SÃO BERNARDO DO CAMPO,70750,SÃO BERNARDO DO CAMPO,414,182,28300,ANDERSON CARNEIRO DA SILVA,1,1147
2020,15/11/2020,SP,70750,SÃO BERNARDO DO CAMPO,70750,SÃO BERNARDO DO CAMPO,414,187,28300,ANDERSON CARNEIRO DA SILVA,2,1120
2020,15/11/2020,SP,70750,SÃO BERNARDO DO CAMPO,70750,SÃO BERNARDO DO CAMPO,414,189,28300,ANDERSON CARNEIRO DA SILVA,2,1163
2020,15/11/2020,SP,70750,SÃO BERNARDO DO CAMPO,70750,SÃO BERNARDO DO CAMPO,414,193,28300,ANDERSON CARNEIRO DA SILVA,1,1163
2020,15/11/2020,SP,70750,SÃO BERNARDO DO CAMPO,70750,SÃO BERNARDO DO CAMPO,414,194,28300,ANDERSON CARNEIRO DA SILVA,1,1112
2020,15/11/2020,SP,70750,SÃO BERNARDO DO CAMPO,70750,SÃO BERNARDO DO CAMPO,414,198,28300,ANDERSON CARNEIRO DA SILVA,1,1074
2020,15/11/2020,SP,70750,SÃO BERNARDO DO CAMPO,70750,SÃO BERNARDO DO CAMPO,414,202,28300,ANDERSON CARNEIRO DA SILVA,3,1074
2020,15/11/2020,SP,70750,SÃO BERNARDO DO CAMPO,70750,SÃO BERNARDO DO CAMPO,414,206,28300,ANDERSON CARNEIRO DA SILVA,1,1139
2020,15/11/2020,SP,70750,SÃO BERNARDO DO CAMPO,70750,SÃO BERNARDO DO CAMPO,414,217,28300,ANDERSON CARNEIRO DA SILVA,1,1139
2020,15/11/2020,SP,70750,SÃO BERNARDO DO CAMPO,70750,SÃO BERNARDO DO CAMPO,414,220,28300,ANDERSON CARNEIRO DA SILVA,1,1171
2020,15/11/2020,SP,70750,SÃO BERNARDO DO CAMPO,70750,SÃO BERNARDO DO CAMPO,414,228,28300,ANDERSON CARNEIRO DA SILVA,1,1139
2020,15/11/2020,SP,70750,SÃO BERNARDO DO CAMPO,70750,SÃO BERNARDO DO CAMPO,414,237,28300,ANDERSON CARNEIRO DA SILVA,1,1171
2020,15/11/2020,SP,70750,SÃO BERNARDO DO CAMPO,70750,SÃO BERNARDO DO CAMPO,414,243,28300,ANDERSON CARNEIRO DA SILVA,1,1139
2020,15/11/2020,SP,70750,SÃO BERNARDO DO CAMPO,70750,SÃO BERNARDO DO CAMPO,414,263,28300,ANDERSON CARNEIRO DA SILVA,1,1236
